,Date,Time,No. of Transactions
0,2019-01-07,06:30:00,3
1,2019-01-07,06:45:00,1
2,2019-01-07,07:00:00,7
3,2019-01-07,07:15:00,10
4,2019-01-07,07:30:00,11
5,2019-01-07,07:45:00,23
6,2019-01-07,08:00:00,29
7,2019-01-07,08:15:00,13
8,2019-01-07,08:30:00,27
9,2019-01-07,08:45:00,37
10,2019-01-07,09:00:00,40
11,2019-01-07,09:15:00,61
12,2019-01-07,09:30:00,82
13,2019-01-07,09:45:00,50
14,2019-01-07,10:00:00,49
15,2019-01-07,10:15:00,59
16,2019-01-07,10:30:00,87
17,2019-01-07,10:45:00,60
18,2019-01-07,11:00:00,65
19,2019-01-07,11:15:00,79
20,2019-01-07,11:30:00,79
21,2019-01-07,11:45:00,65
22,2019-01-07,12:00:00,72
23,2019-01-07,12:15:00,72
24,2019-01-07,12:30:00,105
25,2019-01-07,12:45:00,58
26,2019-01-07,13:00:00,68
27,2019-01-07,13:15:00,49
28,2019-01-07,13:30:00,64
29,2019-01-07,13:45:00,44
30,2019-01-07,14:00:00,55
31,2019-01-07,14:15:00,48
32,2019-01-07,14:30:00,48
33,2019-01-07,14:45:00,39
34,2019-01-07,15:00:00,35
35,2019-01-07,15:15:00,31
36,2019-01-07,15:30:00,48
37,2019-01-07,15:45:00,25
38,2019-01-07,16:00:00,22
39,2019-01-07,16:15:00,37
40,2019-01-07,16:30:00,27
41,2019-01-07,16:45:00,23
42,2019-01-07,17:00:00,17
43,2019-01-07,17:15:00,12
44,2019-01-07,17:30:00,11
45,2019-01-07,17:45:00,7
46,2019-01-07,18:00:00,8
47,2019-01-07,18:15:00,8
48,2019-01-07,18:30:00,9
49,2019-01-07,18:45:00,9
50,2019-01-07,19:00:00,5
51,2019-01-07,19:15:00,5
52,2019-01-07,19:30:00,5
53,2019-01-07,20:15:00,3
54,2019-01-07,20:45:00,2
55,2019-01-08,06:30:00,2
56,2019-01-08,07:00:00,6
57,2019-01-08,07:15:00,11
58,2019-01-08,07:30:00,18
59,2019-01-08,07:45:00,13
60,2019-01-08,08:00:00,27
61,2019-01-08,08:15:00,27
62,2019-01-08,08:30:00,17
63,2019-01-08,08:45:00,19
64,2019-01-08,09:00:00,35
65,2019-01-08,09:15:00,31
66,2019-01-08,09:30:00,44
67,2019-01-08,09:45:00,52
68,2019-01-08,10:00:00,103
69,2019-01-08,10:15:00,84
70,2019-01-08,10:30:00,55
71,2019-01-08,10:45:00,53
72,2019-01-08,11:00:00,52
73,2019-01-08,11:15:00,51
74,2019-01-08,11:30:00,62
75,2019-01-08,11:45:00,54
76,2019-01-08,12:00:00,71
77,2019-01-08,12:15:00,65
78,2019-01-08,12:30:00,99
79,2019-01-08,12:45:00,61
80,2019-01-08,13:00:00,68
81,2019-01-08,13:15:00,72
82,2019-01-08,13:30:00,56
83,2019-01-08,13:45:00,53
84,2019-01-08,14:00:00,58
85,2019-01-08,14:15:00,44
86,2019-01-08,14:30:00,56
87,2019-01-08,14:45:00,35
88,2019-01-08,15:00:00,57
89,2019-01-08,15:15:00,36
90,2019-01-08,15:30:00,50
91,2019-01-08,15:45:00,29
92,2019-01-08,16:00:00,36
93,2019-01-08,16:15:00,25
94,2019-01-08,16:30:00,25
95,2019-01-08,16:45:00,31
96,2019-01-08,17:00:00,16
97,2019-01-08,17:15:00,23
98,2019-01-08,17:30:00,23
99,2019-01-08,17:45:00,10
100,2019-01-08,18:00:00,11
101,2019-01-08,18:15:00,4
102,2019-01-08,18:30:00,4
103,2019-01-08,18:45:00,3
104,2019-01-08,19:00:00,13
105,2019-01-08,19:15:00,5
106,2019-01-08,19:30:00,3
107,2019-01-08,19:45:00,4
108,2019-01-08,20:00:00,9
109,2019-01-08,20:15:00,3
110,2019-01-08,20:30:00,4
111,2019-01-08,20:45:00,3
112,2019-01-09,06:30:00,4
113,2019-01-09,07:00:00,6
114,2019-01-09,07:15:00,9
115,2019-01-09,07:30:00,7
116,2019-01-09,07:45:00,21
117,2019-01-09,08:00:00,26
118,2019-01-09,08:15:00,28
119,2019-01-09,08:30:00,19
120,2019-01-09,08:45:00,22
121,2019-01-09,09:00:00,30
122,2019-01-09,09:15:00,57
123,2019-01-09,09:30:00,61
124,2019-01-09,09:45:00,50
125,2019-01-09,10:00:00,64
126,2019-01-09,10:15:00,60
127,2019-01-09,10:30:00,98
128,2019-01-09,10:45:00,50
129,2019-01-09,11:00:00,78
130,2019-01-09,11:15:00,71
131,2019-01-09,11:30:00,95
132,2019-01-09,11:45:00,62
133,2019-01-09,12:00:00,61
134,2019-01-09,12:15:00,82
135,2019-01-09,12:30:00,117
136,2019-01-09,12:45:00,62
137,2019-01-09,13:00:00,74
138,2019-01-09,13:15:00,69
139,2019-01-09,13:30:00,70
140,2019-01-09,13:45:00,57
141,2019-01-09,14:00:00,51
142,2019-01-09,14:15:00,62
143,2019-01-09,14:30:00,69
144,2019-01-09,14:45:00,40
145,2019-01-09,15:00:00,43
146,2019-01-09,15:15:00,39
147,2019-01-09,15:30:00,46
148,2019-01-09,15:45:00,34
149,2019-01-09,16:00:00,25
150,2019-01-09,16:15:00,41
151,2019-01-09,16:30:00,33
152,2019-01-09,16:45:00,37
153,2019-01-09,17:00:00,27
154,2019-01-09,17:15:00,30
155,2019-01-09,17:30:00,25
156,2019-01-09,17:45:00,17
157,2019-01-09,18:00:00,16
158,2019-01-09,18:15:00,19
159,2019-01-09,18:30:00,5
160,2019-01-09,18:45:00,9
161,2019-01-09,19:00:00,1
162,2019-01-09,19:15:00,9
163,2019-01-09,19:30:00,11
164,2019-01-09,19:45:00,12
165,2019-01-09,20:00:00,9
166,2019-01-09,20:15:00,1
167,2019-01-09,20:30:00,3
168,2019-01-09,20:45:00,1
169,2019-01-10,06:15:00,2
170,2019-01-10,06:30:00,2
171,2019-01-10,07:00:00,6
172,2019-01-10,07:15:00,8
173,2019-01-10,07:30:00,7
174,2019-01-10,07:45:00,29
175,2019-01-10,08:00:00,33
176,2019-01-10,08:15:00,24
177,2019-01-10,08:30:00,14
178,2019-01-10,08:45:00,26
179,2019-01-10,09:00:00,32
180,2019-01-10,09:15:00,43
181,2019-01-10,09:30:00,58
182,2019-01-10,09:45:00,48
183,2019-01-10,10:00:00,67
184,2019-01-10,10:15:00,64
185,2019-01-10,10:30:00,60
186,2019-01-10,10:45:00,37
187,2019-01-10,11:00:00,52
188,2019-01-10,11:15:00,61
189,2019-01-10,11:30:00,91
190,2019-01-10,11:45:00,63
191,2019-01-10,12:00:00,70
192,2019-01-10,12:15:00,80
193,2019-01-10,12:30:00,88
194,2019-01-10,12:45:00,68
195,2019-01-10,13:00:00,86
196,2019-01-10,13:15:00,63
197,2019-01-10,13:30:00,71
198,2019-01-10,13:45:00,57
199,2019-01-10,14:00:00,78
200,2019-01-10,14:15:00,58
201,2019-01-10,14:30:00,74
202,2019-01-10,14:45:00,39
203,2019-01-10,15:00:00,52
204,2019-01-10,15:15:00,51
205,2019-01-10,15:30:00,48
206,2019-01-10,15:45:00,41
207,2019-01-10,16:00:00,41
208,2019-01-10,16:15:00,49
209,2019-01-10,16:30:00,29
210,2019-01-10,16:45:00,25
211,2019-01-10,17:00:00,24
212,2019-01-10,17:15:00,33
213,2019-01-10,17:30:00,31
214,2019-01-10,17:45:00,20
215,2019-01-10,18:00:00,22
216,2019-01-10,18:15:00,16
217,2019-01-10,18:30:00,3
218,2019-01-10,18:45:00,4
219,2019-01-10,19:00:00,7
220,2019-01-10,19:15:00,4
221,2019-01-10,19:30:00,6
222,2019-01-10,19:45:00,2
223,2019-01-10,20:00:00,1
224,2019-01-10,20:15:00,4
225,2019-01-10,20:30:00,3
226,2019-01-10,20:45:00,3
227,2019-01-11,06:30:00,4
228,2019-01-11,07:00:00,5
229,2019-01-11,07:15:00,8
230,2019-01-11,07:30:00,16
231,2019-01-11,08:00:00,35
232,2019-01-11,08:15:00,30
233,2019-01-11,08:30:00,20
234,2019-01-11,08:45:00,20
235,2019-01-11,09:00:00,49
236,2019-01-11,09:15:00,58
237,2019-01-11,09:30:00,69
238,2019-01-11,09:45:00,39
239,2019-01-11,10:00:00,46
240,2019-01-11,10:15:00,73
241,2019-01-11,10:30:00,90
242,2019-01-11,10:45:00,42
243,2019-01-11,11:00:00,63
244,2019-01-11,11:15:00,80
245,2019-01-11,11:30:00,78
246,2019-01-11,11:45:00,77
247,2019-01-11,12:00:00,72
248,2019-01-11,12:15:00,93
249,2019-01-11,12:30:00,89
250,2019-01-11,12:45:00,60
251,2019-01-11,13:00:00,64
252,2019-01-11,13:15:00,71
253,2019-01-11,13:30:00,78
254,2019-01-11,13:45:00,44
255,2019-01-11,14:00:00,43
256,2019-01-11,14:15:00,50
257,2019-01-11,14:30:00,44
258,2019-01-11,14:45:00,38
259,2019-01-11,15:00:00,33
260,2019-01-11,15:15:00,46
261,2019-01-11,15:30:00,34
262,2019-01-11,15:45:00,20
263,2019-01-11,16:00:00,23
264,2019-01-11,16:15:00,20
265,2019-01-11,16:30:00,16
266,2019-01-11,16:45:00,15
267,2019-01-11,17:00:00,12
268,2019-01-11,17:15:00,9
269,2019-01-11,17:30:00,15
270,2019-01-11,17:45:00,4
271,2019-01-11,18:00:00,9
272,2019-01-11,18:30:00,4
273,2019-01-11,18:45:00,5
274,2019-01-11,19:00:00,4
275,2019-01-11,19:15:00,1
276,2019-01-11,19:30:00,2
277,2019-01-11,19:45:00,2
278,2019-01-11,20:00:00,2
279,2019-01-11,20:15:00,2
280,2019-01-12,07:30:00,1
281,2019-01-12,07:45:00,1
282,2019-01-12,08:00:00,1
283,2019-01-12,08:15:00,3
284,2019-01-12,08:30:00,5
285,2019-01-12,08:45:00,2
286,2019-01-12,09:00:00,2
287,2019-01-12,09:15:00,1
288,2019-01-12,09:30:00,2
289,2019-01-12,09:45:00,3
290,2019-01-12,10:00:00,2
291,2019-01-12,10:15:00,2
292,2019-01-12,10:30:00,7
293,2019-01-12,10:45:00,5
294,2019-01-12,11:00:00,3
295,2019-01-12,11:15:00,9
296,2019-01-12,11:30:00,2
297,2019-01-12,11:45:00,12
298,2019-01-12,12:00:00,14
299,2019-01-12,12:15:00,17
300,2019-01-12,12:30:00,14
301,2019-01-12,12:45:00,9
302,2019-01-12,13:00:00,15
303,2019-01-12,13:15:00,11
304,2019-01-12,13:30:00,8
305,2019-01-12,13:45:00,4
306,2019-01-12,14:00:00,9
307,2019-01-12,14:15:00,9
308,2019-01-12,14:30:00,14
309,2019-01-12,14:45:00,9
310,2019-01-12,15:00:00,8
311,2019-01-12,15:15:00,7
312,2019-01-12,15:30:00,7
313,2019-01-12,15:45:00,3
314,2019-01-12,16:00:00,5
315,2019-01-12,16:15:00,7
316,2019-01-12,16:30:00,17
317,2019-01-12,16:45:00,6
318,2019-01-12,17:00:00,4
319,2019-01-12,17:15:00,6
320,2019-01-12,17:30:00,3
321,2019-01-12,18:00:00,4
322,2019-01-12,18:15:00,4
323,2019-01-12,18:30:00,4
324,2019-01-12,18:45:00,4
325,2019-01-12,19:00:00,4
326,2019-01-12,19:15:00,2
327,2019-01-12,19:30:00,2
328,2019-01-12,19:45:00,2
329,2019-01-12,20:00:00,5
330,2019-01-12,20:15:00,3
331,2019-01-12,20:30:00,2
332,2019-01-12,20:45:00,1
333,2019-01-14,06:30:00,3
334,2019-01-14,06:45:00,1
335,2019-01-14,07:00:00,5
336,2019-01-14,07:15:00,13
337,2019-01-14,07:30:00,8
338,2019-01-14,07:45:00,23
339,2019-01-14,08:00:00,31
340,2019-01-14,08:15:00,21
341,2019-01-14,08:30:00,28
342,2019-01-14,08:45:00,21
343,2019-01-14,09:00:00,44
344,2019-01-14,09:15:00,60
345,2019-01-14,09:30:00,80
346,2019-01-14,09:45:00,40
347,2019-01-14,10:00:00,63
348,2019-01-14,10:15:00,65
349,2019-01-14,10:30:00,91
350,2019-01-14,10:45:00,46
351,2019-01-14,11:00:00,72
352,2019-01-14,11:15:00,48
353,2019-01-14,11:30:00,97
354,2019-01-14,11:45:00,61
355,2019-01-14,12:00:00,51
356,2019-01-14,12:15:00,79
357,2019-01-14,12:30:00,114
358,2019-01-14,12:45:00,73
359,2019-01-14,13:00:00,63
360,2019-01-14,13:15:00,49
361,2019-01-14,13:30:00,87
362,2019-01-14,13:45:00,51
363,2019-01-14,14:00:00,68
364,2019-01-14,14:15:00,76
365,2019-01-14,14:30:00,71
366,2019-01-14,14:45:00,52
367,2019-01-14,15:00:00,55
368,2019-01-14,15:15:00,52
369,2019-01-14,15:30:00,78
370,2019-01-14,15:45:00,27
371,2019-01-14,16:00:00,35
372,2019-01-14,16:15:00,47
373,2019-01-14,16:30:00,35
374,2019-01-14,16:45:00,20
375,2019-01-14,17:00:00,23
376,2019-01-14,17:15:00,27
377,2019-01-14,17:30:00,16
378,2019-01-14,17:45:00,21
379,2019-01-14,18:00:00,16
380,2019-01-14,18:15:00,12
381,2019-01-14,18:30:00,5
382,2019-01-14,18:45:00,7
383,2019-01-14,19:00:00,7
384,2019-01-14,19:15:00,8
385,2019-01-14,19:30:00,7
386,2019-01-14,19:45:00,4
387,2019-01-14,20:00:00,2
388,2019-01-14,20:15:00,1
389,2019-01-14,20:30:00,4
390,2019-01-14,20:45:00,4
391,2019-01-15,06:30:00,2
392,2019-01-15,07:00:00,7
393,2019-01-15,07:15:00,9
394,2019-01-15,07:30:00,11
395,2019-01-15,07:45:00,26
396,2019-01-15,08:00:00,35
397,2019-01-15,08:15:00,26
398,2019-01-15,08:30:00,27
399,2019-01-15,08:45:00,20
400,2019-01-15,09:00:00,34
401,2019-01-15,09:15:00,54
402,2019-01-15,09:30:00,53
403,2019-01-15,09:45:00,49
404,2019-01-15,10:00:00,70
405,2019-01-15,10:15:00,75
406,2019-01-15,10:30:00,63
407,2019-01-15,10:45:00,41
408,2019-01-15,11:00:00,43
409,2019-01-15,11:15:00,76
410,2019-01-15,11:30:00,83
411,2019-01-15,11:45:00,72
412,2019-01-15,12:00:00,86
413,2019-01-15,12:15:00,77
414,2019-01-15,12:30:00,93
415,2019-01-15,12:45:00,87
416,2019-01-15,13:00:00,61
417,2019-01-15,13:15:00,59
418,2019-01-15,13:30:00,61
419,2019-01-15,13:45:00,64
420,2019-01-15,14:00:00,59
421,2019-01-15,14:15:00,56
422,2019-01-15,14:30:00,68
423,2019-01-15,14:45:00,50
424,2019-01-15,15:00:00,46
425,2019-01-15,15:15:00,57
426,2019-01-15,15:30:00,58
427,2019-01-15,15:45:00,36
428,2019-01-15,16:00:00,47
429,2019-01-15,16:15:00,47
430,2019-01-15,16:30:00,42
431,2019-01-15,16:45:00,39
432,2019-01-15,17:00:00,24
433,2019-01-15,17:15:00,23
434,2019-01-15,17:30:00,33
435,2019-01-15,17:45:00,19
436,2019-01-15,18:00:00,20
437,2019-01-15,18:15:00,15
438,2019-01-15,18:30:00,17
439,2019-01-15,18:45:00,8
440,2019-01-15,19:00:00,10
441,2019-01-15,19:15:00,15
442,2019-01-15,19:30:00,4
443,2019-01-15,19:45:00,3
444,2019-01-15,20:00:00,1
445,2019-01-15,20:15:00,4
446,2019-01-15,20:30:00,5
447,2019-01-15,20:45:00,2
448,2019-01-16,06:30:00,4
449,2019-01-16,07:00:00,8
450,2019-01-16,07:15:00,13
451,2019-01-16,07:30:00,12
452,2019-01-16,07:45:00,21
453,2019-01-16,08:00:00,29
454,2019-01-16,08:15:00,32
455,2019-01-16,08:30:00,20
456,2019-01-16,08:45:00,19
457,2019-01-16,09:00:00,41
458,2019-01-16,09:15:00,59
459,2019-01-16,09:30:00,77
460,2019-01-16,09:45:00,43
461,2019-01-16,10:00:00,50
462,2019-01-16,10:15:00,85
463,2019-01-16,10:30:00,93
464,2019-01-16,10:45:00,41
465,2019-01-16,11:00:00,66
466,2019-01-16,11:15:00,56
467,2019-01-16,11:30:00,102
468,2019-01-16,11:45:00,54
469,2019-01-16,12:00:00,56
470,2019-01-16,12:15:00,98
471,2019-01-16,12:30:00,108
472,2019-01-16,12:45:00,76
473,2019-01-16,13:00:00,78
474,2019-01-16,13:15:00,73
475,2019-01-16,13:30:00,88
476,2019-01-16,13:45:00,59
477,2019-01-16,14:00:00,47
478,2019-01-16,14:15:00,58
479,2019-01-16,14:30:00,67
480,2019-01-16,14:45:00,45
481,2019-01-16,15:00:00,41
482,2019-01-16,15:15:00,34
483,2019-01-16,15:30:00,68
484,2019-01-16,15:45:00,27
485,2019-01-16,16:00:00,38
486,2019-01-16,16:15:00,46
487,2019-01-16,16:30:00,59
488,2019-01-16,16:45:00,31
489,2019-01-16,17:00:00,42
490,2019-01-16,17:15:00,36
491,2019-01-16,17:30:00,31
492,2019-01-16,17:45:00,28
493,2019-01-16,18:00:00,16
494,2019-01-16,18:15:00,19
495,2019-01-16,18:30:00,15
496,2019-01-16,18:45:00,9
497,2019-01-16,19:00:00,9
498,2019-01-16,19:15:00,14
499,2019-01-16,19:30:00,12
500,2019-01-16,19:45:00,4
501,2019-01-16,20:00:00,7
502,2019-01-16,20:15:00,2
503,2019-01-16,20:45:00,2
504,2019-01-17,06:15:00,1
505,2019-01-17,06:30:00,3
506,2019-01-17,07:00:00,9
507,2019-01-17,07:15:00,7
508,2019-01-17,07:30:00,12
509,2019-01-17,07:45:00,11
510,2019-01-17,08:00:00,38
511,2019-01-17,08:15:00,31
512,2019-01-17,08:30:00,18
513,2019-01-17,08:45:00,28
514,2019-01-17,09:00:00,26
515,2019-01-17,09:15:00,52
516,2019-01-17,09:30:00,61
517,2019-01-17,09:45:00,57
518,2019-01-17,10:00:00,71
519,2019-01-17,10:15:00,84
520,2019-01-17,10:30:00,68
521,2019-01-17,10:45:00,34
522,2019-01-17,11:00:00,55
523,2019-01-17,11:15:00,73
524,2019-01-17,11:30:00,90
525,2019-01-17,11:45:00,60
526,2019-01-17,12:00:00,81
527,2019-01-17,12:15:00,92
528,2019-01-17,12:30:00,75
529,2019-01-17,12:45:00,75
530,2019-01-17,13:00:00,76
531,2019-01-17,13:15:00,86
532,2019-01-17,13:30:00,60
533,2019-01-17,13:45:00,61
534,2019-01-17,14:00:00,61
535,2019-01-17,14:15:00,73
536,2019-01-17,14:30:00,54
537,2019-01-17,14:45:00,49
538,2019-01-17,15:00:00,54
539,2019-01-17,15:15:00,45
540,2019-01-17,15:30:00,48
541,2019-01-17,15:45:00,38
542,2019-01-17,16:00:00,39
543,2019-01-17,16:15:00,33
544,2019-01-17,16:30:00,43
545,2019-01-17,16:45:00,34
546,2019-01-17,17:00:00,30
547,2019-01-17,17:15:00,39
548,2019-01-17,17:30:00,31
549,2019-01-17,17:45:00,19
550,2019-01-17,18:00:00,11
551,2019-01-17,18:15:00,12
552,2019-01-17,18:30:00,11
553,2019-01-17,18:45:00,3
554,2019-01-17,19:00:00,9
555,2019-01-17,19:15:00,13
556,2019-01-17,19:30:00,12
557,2019-01-17,19:45:00,5
558,2019-01-17,20:00:00,5
559,2019-01-17,20:15:00,4
560,2019-01-17,20:30:00,6
561,2019-01-18,06:45:00,4
562,2019-01-18,07:00:00,9
563,2019-01-18,07:15:00,11
564,2019-01-18,07:30:00,18
565,2019-01-18,07:45:00,19
566,2019-01-18,08:00:00,25
567,2019-01-18,08:15:00,39
568,2019-01-18,08:30:00,22
569,2019-01-18,08:45:00,21
570,2019-01-18,09:00:00,49
571,2019-01-18,09:15:00,42
572,2019-01-18,09:30:00,75
573,2019-01-18,09:45:00,34
574,2019-01-18,10:00:00,53
575,2019-01-18,10:15:00,78
576,2019-01-18,10:30:00,77
577,2019-01-18,10:45:00,38
578,2019-01-18,11:00:00,49
579,2019-01-18,11:15:00,70
580,2019-01-18,11:30:00,82
581,2019-01-18,11:45:00,51
582,2019-01-18,12:00:00,55
583,2019-01-18,12:15:00,93
584,2019-01-18,12:30:00,93
585,2019-01-18,12:45:00,53
586,2019-01-18,13:00:00,69
587,2019-01-18,13:15:00,68
588,2019-01-18,13:30:00,67
589,2019-01-18,13:45:00,50
590,2019-01-18,14:00:00,44
591,2019-01-18,14:15:00,50
592,2019-01-18,14:30:00,34
593,2019-01-18,14:45:00,33
594,2019-01-18,15:00:00,37
595,2019-01-18,15:15:00,22
596,2019-01-18,15:30:00,28
597,2019-01-18,15:45:00,18
598,2019-01-18,16:00:00,19
599,2019-01-18,16:15:00,16
600,2019-01-18,16:30:00,15
601,2019-01-18,16:45:00,13
602,2019-01-18,17:00:00,16
603,2019-01-18,17:15:00,25
604,2019-01-18,17:30:00,6
605,2019-01-18,17:45:00,8
606,2019-01-18,18:00:00,9
607,2019-01-18,18:15:00,4
608,2019-01-18,18:30:00,11
609,2019-01-18,18:45:00,7
610,2019-01-18,19:00:00,6
611,2019-01-18,19:15:00,5
612,2019-01-18,19:30:00,5
613,2019-01-18,19:45:00,2
614,2019-01-18,20:00:00,5
615,2019-01-18,20:15:00,1
616,2019-01-19,07:30:00,2
617,2019-01-19,08:00:00,2
618,2019-01-19,08:15:00,3
619,2019-01-19,08:30:00,5
620,2019-01-19,08:45:00,1
621,2019-01-19,09:00:00,1
622,2019-01-19,09:15:00,2
623,2019-01-19,09:30:00,2
624,2019-01-19,09:45:00,3
625,2019-01-19,10:15:00,1
626,2019-01-19,10:30:00,7
627,2019-01-19,10:45:00,2
628,2019-01-19,11:00:00,1
629,2019-01-19,11:15:00,6
630,2019-01-19,11:30:00,7
631,2019-01-19,11:45:00,14
632,2019-01-19,12:00:00,25
633,2019-01-19,12:15:00,10
634,2019-01-19,12:30:00,13
635,2019-01-19,12:45:00,9
636,2019-01-19,13:00:00,10
637,2019-01-19,13:15:00,5
638,2019-01-19,13:30:00,8
639,2019-01-19,13:45:00,8
640,2019-01-19,14:00:00,4
641,2019-01-19,14:15:00,11
642,2019-01-19,14:30:00,6
643,2019-01-19,14:45:00,8
644,2019-01-19,15:00:00,6
645,2019-01-19,15:15:00,7
646,2019-01-19,15:30:00,4
647,2019-01-19,15:45:00,8
648,2019-01-19,16:00:00,8
649,2019-01-19,16:15:00,6
650,2019-01-19,16:30:00,6
651,2019-01-19,16:45:00,2
652,2019-01-19,17:00:00,2
653,2019-01-19,17:15:00,3
654,2019-01-19,17:30:00,8
655,2019-01-19,18:00:00,1
656,2019-01-19,18:15:00,1
657,2019-01-19,18:30:00,2
658,2019-01-19,18:45:00,1
659,2019-01-19,19:00:00,2
660,2019-01-19,19:15:00,4
661,2019-01-19,19:30:00,2
662,2019-01-19,19:45:00,5
663,2019-01-19,20:00:00,3
664,2019-01-19,20:15:00,2
665,2019-01-22,07:00:00,5
666,2019-01-22,07:15:00,7
667,2019-01-22,07:30:00,12
668,2019-01-22,07:45:00,19
669,2019-01-22,08:00:00,24
670,2019-01-22,08:15:00,22
671,2019-01-22,08:30:00,24
672,2019-01-22,08:45:00,20
673,2019-01-22,09:00:00,28
674,2019-01-22,09:15:00,57
675,2019-01-22,09:30:00,52
676,2019-01-22,09:45:00,57
677,2019-01-22,10:00:00,62
678,2019-01-22,10:15:00,84
679,2019-01-22,10:30:00,75
680,2019-01-22,10:45:00,47
681,2019-01-22,11:00:00,54
682,2019-01-22,11:15:00,74
683,2019-01-22,11:30:00,91
684,2019-01-22,11:45:00,67
685,2019-01-22,12:00:00,66
686,2019-01-22,12:15:00,84
687,2019-01-22,12:30:00,98
688,2019-01-22,12:45:00,79
689,2019-01-22,13:00:00,77
690,2019-01-22,13:15:00,74
691,2019-01-22,13:30:00,57
692,2019-01-22,13:45:00,52
693,2019-01-22,14:00:00,70
694,2019-01-22,14:15:00,54
695,2019-01-22,14:30:00,55
696,2019-01-22,14:45:00,52
697,2019-01-22,15:00:00,42
698,2019-01-22,15:15:00,53
699,2019-01-22,15:30:00,65
700,2019-01-22,15:45:00,38
701,2019-01-22,16:00:00,46
702,2019-01-22,16:15:00,41
703,2019-01-22,16:30:00,56
704,2019-01-22,16:45:00,43
705,2019-01-22,17:00:00,31
706,2019-01-22,17:15:00,38
707,2019-01-22,17:30:00,41
708,2019-01-22,17:45:00,30
709,2019-01-22,18:00:00,27
710,2019-01-22,18:15:00,11
711,2019-01-22,18:30:00,11
712,2019-01-22,18:45:00,11
713,2019-01-22,19:00:00,12
714,2019-01-22,19:15:00,6
715,2019-01-22,19:30:00,22
716,2019-01-22,19:45:00,11
717,2019-01-22,20:00:00,6
718,2019-01-22,20:15:00,1
719,2019-01-22,20:30:00,5
720,2019-01-22,20:45:00,6
721,2019-01-23,06:45:00,2
722,2019-01-23,07:00:00,8
723,2019-01-23,07:15:00,12
724,2019-01-23,07:30:00,13
725,2019-01-23,07:45:00,20
726,2019-01-23,08:00:00,28
727,2019-01-23,08:15:00,28
728,2019-01-23,08:30:00,24
729,2019-01-23,08:45:00,18
730,2019-01-23,09:00:00,41
731,2019-01-23,09:15:00,60
732,2019-01-23,09:30:00,68
733,2019-01-23,09:45:00,37
734,2019-01-23,10:00:00,46
735,2019-01-23,10:15:00,68
736,2019-01-23,10:30:00,77
737,2019-01-23,10:45:00,55
738,2019-01-23,11:00:00,56
739,2019-01-23,11:15:00,82
740,2019-01-23,11:30:00,102
741,2019-01-23,11:45:00,54
742,2019-01-23,12:00:00,76
743,2019-01-23,12:15:00,89
744,2019-01-23,12:30:00,119
745,2019-01-23,12:45:00,80
746,2019-01-23,13:00:00,66
747,2019-01-23,13:15:00,69
748,2019-01-23,13:30:00,107
749,2019-01-23,13:45:00,56
750,2019-01-23,14:00:00,56
751,2019-01-23,14:15:00,55
752,2019-01-23,14:30:00,61
753,2019-01-23,14:45:00,44
754,2019-01-23,15:00:00,47
755,2019-01-23,15:15:00,52
756,2019-01-23,15:30:00,64
757,2019-01-23,15:45:00,37
758,2019-01-23,16:00:00,40
759,2019-01-23,16:15:00,47
760,2019-01-23,16:30:00,45
761,2019-01-23,16:45:00,39
762,2019-01-23,17:00:00,31
763,2019-01-23,17:15:00,42
764,2019-01-23,17:30:00,34
765,2019-01-23,17:45:00,19
766,2019-01-23,18:00:00,23
767,2019-01-23,18:15:00,18
768,2019-01-23,18:30:00,11
769,2019-01-23,18:45:00,10
770,2019-01-23,19:00:00,15
771,2019-01-23,19:15:00,12
772,2019-01-23,19:30:00,6
773,2019-01-23,19:45:00,16
774,2019-01-23,20:00:00,15
775,2019-01-23,20:15:00,8
776,2019-01-23,20:30:00,8
777,2019-01-23,20:45:00,3
778,2019-01-23,21:00:00,1
779,2019-01-24,06:45:00,4
780,2019-01-24,07:00:00,3
781,2019-01-24,07:15:00,9
782,2019-01-24,07:30:00,14
783,2019-01-24,07:45:00,18
784,2019-01-24,08:00:00,25
785,2019-01-24,08:15:00,31
786,2019-01-24,08:30:00,16
787,2019-01-24,08:45:00,20
788,2019-01-24,09:00:00,38
789,2019-01-24,09:15:00,51
790,2019-01-24,09:30:00,62
791,2019-01-24,09:45:00,45
792,2019-01-24,10:00:00,72
793,2019-01-24,10:15:00,54
794,2019-01-24,10:30:00,51
795,2019-01-24,10:45:00,37
796,2019-01-24,11:00:00,38
797,2019-01-24,11:15:00,68
798,2019-01-24,11:30:00,80
799,2019-01-24,11:45:00,69
800,2019-01-24,12:00:00,67
801,2019-01-24,12:15:00,90
802,2019-01-24,12:30:00,108
803,2019-01-24,12:45:00,95
804,2019-01-24,13:00:00,70
805,2019-01-24,13:15:00,61
806,2019-01-24,13:30:00,66
807,2019-01-24,13:45:00,54
808,2019-01-24,14:00:00,58
809,2019-01-24,14:15:00,80
810,2019-01-24,14:30:00,63
811,2019-01-24,14:45:00,47
812,2019-01-24,15:00:00,54
813,2019-01-24,15:15:00,68
814,2019-01-24,15:30:00,43
815,2019-01-24,15:45:00,45
816,2019-01-24,16:00:00,31
817,2019-01-24,16:15:00,55
818,2019-01-24,16:30:00,47
819,2019-01-24,16:45:00,27
820,2019-01-24,17:00:00,34
821,2019-01-24,17:15:00,31
822,2019-01-24,17:30:00,35
823,2019-01-24,17:45:00,17
824,2019-01-24,18:00:00,14
825,2019-01-24,18:15:00,14
826,2019-01-24,18:30:00,18
827,2019-01-24,18:45:00,10
828,2019-01-24,19:00:00,6
829,2019-01-24,19:15:00,5
830,2019-01-24,19:30:00,5
831,2019-01-24,19:45:00,6
832,2019-01-24,20:00:00,7
833,2019-01-24,20:15:00,6
834,2019-01-24,20:30:00,7
835,2019-01-24,20:45:00,7
836,2019-01-25,07:00:00,5
837,2019-01-25,07:15:00,7
838,2019-01-25,07:30:00,13
839,2019-01-25,07:45:00,17
840,2019-01-25,08:00:00,28
841,2019-01-25,08:15:00,19
842,2019-01-25,08:30:00,19
843,2019-01-25,08:45:00,23
844,2019-01-25,09:00:00,29
845,2019-01-25,09:15:00,78
846,2019-01-25,09:30:00,47
847,2019-01-25,09:45:00,42
848,2019-01-25,10:00:00,52
849,2019-01-25,10:15:00,76
850,2019-01-25,10:30:00,87
851,2019-01-25,10:45:00,46
852,2019-01-25,11:00:00,56
853,2019-01-25,11:15:00,63
854,2019-01-25,11:30:00,88
855,2019-01-25,11:45:00,59
856,2019-01-25,12:00:00,69
857,2019-01-25,12:15:00,74
858,2019-01-25,12:30:00,97
859,2019-01-25,12:45:00,66
860,2019-01-25,13:00:00,62
861,2019-01-25,13:15:00,80
862,2019-01-25,13:30:00,60
863,2019-01-25,13:45:00,51
864,2019-01-25,14:00:00,44
865,2019-01-25,14:15:00,57
866,2019-01-25,14:30:00,54
867,2019-01-25,14:45:00,6
868,2019-01-25,15:00:00,20
869,2019-01-25,15:15:00,49
870,2019-01-25,15:30:00,37
871,2019-01-25,15:45:00,34
872,2019-01-25,16:00:00,23
873,2019-01-25,16:15:00,26
874,2019-01-25,16:30:00,25
875,2019-01-25,16:45:00,26
876,2019-01-25,17:00:00,25
877,2019-01-25,17:15:00,24
878,2019-01-25,17:30:00,7
879,2019-01-25,17:45:00,10
880,2019-01-25,18:00:00,15
881,2019-01-25,18:15:00,13
882,2019-01-25,18:30:00,8
883,2019-01-25,18:45:00,9
884,2019-01-25,19:00:00,6
885,2019-01-25,19:15:00,5
886,2019-01-25,19:45:00,4
887,2019-01-25,20:00:00,4
888,2019-01-25,20:30:00,1
889,2019-01-26,07:30:00,2
890,2019-01-26,08:15:00,3
891,2019-01-26,08:30:00,1
892,2019-01-26,08:45:00,2
893,2019-01-26,09:00:00,2
894,2019-01-26,09:15:00,1
895,2019-01-26,09:30:00,1
896,2019-01-26,09:45:00,9
897,2019-01-26,10:00:00,2
898,2019-01-26,10:15:00,6
899,2019-01-26,10:30:00,4
900,2019-01-26,10:45:00,4
901,2019-01-26,11:00:00,5
902,2019-01-26,11:15:00,7
903,2019-01-26,11:30:00,7
904,2019-01-26,11:45:00,12
905,2019-01-26,12:00:00,15
906,2019-01-26,12:15:00,18
907,2019-01-26,12:30:00,21
908,2019-01-26,12:45:00,17
909,2019-01-26,13:00:00,14
910,2019-01-26,13:15:00,12
911,2019-01-26,13:30:00,13
912,2019-01-26,13:45:00,12
913,2019-01-26,14:00:00,11
914,2019-01-26,14:15:00,12
915,2019-01-26,14:30:00,14
916,2019-01-26,14:45:00,12
917,2019-01-26,15:00:00,8
918,2019-01-26,15:15:00,7
919,2019-01-26,15:30:00,13
920,2019-01-26,15:45:00,16
921,2019-01-26,16:00:00,17
922,2019-01-26,16:15:00,7
923,2019-01-26,16:30:00,12
924,2019-01-26,16:45:00,11
925,2019-01-26,17:00:00,11
926,2019-01-26,17:15:00,13
927,2019-01-26,17:30:00,2
928,2019-01-26,17:45:00,4
929,2019-01-26,18:00:00,6
930,2019-01-26,18:15:00,2
931,2019-01-26,18:30:00,3
932,2019-01-26,18:45:00,7
933,2019-01-26,19:00:00,6
934,2019-01-26,19:15:00,8
935,2019-01-26,19:30:00,3
936,2019-01-26,19:45:00,5
937,2019-01-26,20:00:00,1
938,2019-01-26,20:15:00,3
939,2019-01-26,20:30:00,1
940,2019-01-26,20:45:00,1
941,2019-01-28,06:45:00,3
942,2019-01-28,07:00:00,3
943,2019-01-28,07:15:00,17
944,2019-01-28,07:30:00,20
945,2019-01-28,07:45:00,29
946,2019-01-28,08:00:00,29
947,2019-01-28,08:15:00,22
948,2019-01-28,08:30:00,21
949,2019-01-28,08:45:00,24
950,2019-01-28,09:00:00,31
951,2019-01-28,09:15:00,85
952,2019-01-28,09:30:00,62
953,2019-01-28,09:45:00,50
954,2019-01-28,10:00:00,51
955,2019-01-28,10:15:00,74
956,2019-01-28,10:30:00,78
957,2019-01-28,10:45:00,47
958,2019-01-28,11:00:00,71
959,2019-01-28,11:15:00,72
960,2019-01-28,11:30:00,82
961,2019-01-28,11:45:00,67
962,2019-01-28,12:00:00,87
963,2019-01-28,12:15:00,99
964,2019-01-28,12:30:00,109
965,2019-01-28,12:45:00,69
966,2019-01-28,13:00:00,68
967,2019-01-28,13:15:00,87
968,2019-01-28,13:30:00,58
969,2019-01-28,13:45:00,67
970,2019-01-28,14:00:00,68
971,2019-01-28,14:15:00,65
972,2019-01-28,14:30:00,72
973,2019-01-28,14:45:00,57
974,2019-01-28,15:00:00,63
975,2019-01-28,15:15:00,61
976,2019-01-28,15:30:00,51
977,2019-01-28,15:45:00,39
978,2019-01-28,16:00:00,47
979,2019-01-28,16:15:00,57
980,2019-01-28,16:30:00,33
981,2019-01-28,16:45:00,25
982,2019-01-28,17:00:00,24
983,2019-01-28,17:15:00,43
984,2019-01-28,17:30:00,28
985,2019-01-28,17:45:00,14
986,2019-01-28,18:00:00,13
987,2019-01-28,18:15:00,11
988,2019-01-28,18:30:00,8
989,2019-01-28,18:45:00,10
990,2019-01-28,19:00:00,13
991,2019-01-28,19:15:00,5
992,2019-01-28,19:30:00,7
993,2019-01-28,19:45:00,6
994,2019-01-28,20:00:00,5
995,2019-01-28,20:15:00,4
996,2019-01-28,20:30:00,3
997,2019-01-28,20:45:00,4
998,2019-01-29,06:30:00,3
999,2019-01-29,07:00:00,4
1000,2019-01-29,07:15:00,6
1001,2019-01-29,07:30:00,10
1002,2019-01-29,07:45:00,16
1003,2019-01-29,08:00:00,43
1004,2019-01-29,08:15:00,29
1005,2019-01-29,08:30:00,17
1006,2019-01-29,08:45:00,29
1007,2019-01-29,09:00:00,31
1008,2019-01-29,09:15:00,68
1009,2019-01-29,09:30:00,68
1010,2019-01-29,09:45:00,68
1011,2019-01-29,10:00:00,79
1012,2019-01-29,10:15:00,90
1013,2019-01-29,10:30:00,81
1014,2019-01-29,10:45:00,53
1015,2019-01-29,11:00:00,61
1016,2019-01-29,11:15:00,72
1017,2019-01-29,11:30:00,107
1018,2019-01-29,11:45:00,72
1019,2019-01-29,12:00:00,85
1020,2019-01-29,12:15:00,101
1021,2019-01-29,12:30:00,105
1022,2019-01-29,12:45:00,86
1023,2019-01-29,13:00:00,73
1024,2019-01-29,13:15:00,78
1025,2019-01-29,13:30:00,79
1026,2019-01-29,13:45:00,56
1027,2019-01-29,14:00:00,65
1028,2019-01-29,14:15:00,64
1029,2019-01-29,14:30:00,55
1030,2019-01-29,14:45:00,46
1031,2019-01-29,15:00:00,55
1032,2019-01-29,15:15:00,77
1033,2019-01-29,15:30:00,68
1034,2019-01-29,15:45:00,42
1035,2019-01-29,16:00:00,46
1036,2019-01-29,16:15:00,44
1037,2019-01-29,16:30:00,43
1038,2019-01-29,16:45:00,45
1039,2019-01-29,17:00:00,30
1040,2019-01-29,17:15:00,37
1041,2019-01-29,17:30:00,30
1042,2019-01-29,17:45:00,24
1043,2019-01-29,18:00:00,20
1044,2019-01-29,18:15:00,22
1045,2019-01-29,18:30:00,20
1046,2019-01-29,18:45:00,14
1047,2019-01-29,19:00:00,9
1048,2019-01-29,19:15:00,5
1049,2019-01-29,19:30:00,2
1050,2019-01-29,19:45:00,9
1051,2019-01-29,20:00:00,7
1052,2019-01-29,20:15:00,9
1053,2019-01-29,20:30:00,3
1054,2019-01-30,06:45:00,4
1055,2019-01-30,07:00:00,6
1056,2019-01-30,07:15:00,9
1057,2019-01-30,07:30:00,18
1058,2019-01-30,07:45:00,20
1059,2019-01-30,08:00:00,24
1060,2019-01-30,08:15:00,21
1061,2019-01-30,08:30:00,25
1062,2019-01-30,08:45:00,35
1063,2019-01-30,09:00:00,34
1064,2019-01-30,09:15:00,67
1065,2019-01-30,09:30:00,71
1066,2019-01-30,09:45:00,49
1067,2019-01-30,10:00:00,72
1068,2019-01-30,10:15:00,96
1069,2019-01-30,10:30:00,100
1070,2019-01-30,10:45:00,53
1071,2019-01-30,11:00:00,71
1072,2019-01-30,11:15:00,70
1073,2019-01-30,11:30:00,113
1074,2019-01-30,11:45:00,74
1075,2019-01-30,12:00:00,71
1076,2019-01-30,12:15:00,72
1077,2019-01-30,12:30:00,97
1078,2019-01-30,12:45:00,82
1079,2019-01-30,13:00:00,66
1080,2019-01-30,13:15:00,87
1081,2019-01-30,13:30:00,85
1082,2019-01-30,13:45:00,66
1083,2019-01-30,14:00:00,60
1084,2019-01-30,14:15:00,61
1085,2019-01-30,14:30:00,57
1086,2019-01-30,14:45:00,46
1087,2019-01-30,15:00:00,58
1088,2019-01-30,15:15:00,56
1089,2019-01-30,15:30:00,61
1090,2019-01-30,15:45:00,38
1091,2019-01-30,16:00:00,36
1092,2019-01-30,16:15:00,46
1093,2019-01-30,16:30:00,49
1094,2019-01-30,16:45:00,43
1095,2019-01-30,17:00:00,42
1096,2019-01-30,17:15:00,36
1097,2019-01-30,17:30:00,52
1098,2019-01-30,17:45:00,32
1099,2019-01-30,18:00:00,21
1100,2019-01-30,18:15:00,23
1101,2019-01-30,18:30:00,24
1102,2019-01-30,18:45:00,19
1103,2019-01-30,19:00:00,14
1104,2019-01-30,19:15:00,14
1105,2019-01-30,19:30:00,12
1106,2019-01-30,19:45:00,6
1107,2019-01-30,20:00:00,12
1108,2019-01-30,20:15:00,3
1109,2019-01-30,20:30:00,2
1110,2019-01-30,20:45:00,1
1111,2019-01-30,21:00:00,1
1112,2019-01-31,07:00:00,9
1113,2019-01-31,07:15:00,11
1114,2019-01-31,07:30:00,14
1115,2019-01-31,07:45:00,21
1116,2019-01-31,08:00:00,29
1117,2019-01-31,08:15:00,32
1118,2019-01-31,08:30:00,20
1119,2019-01-31,08:45:00,30
1120,2019-01-31,09:00:00,41
1121,2019-01-31,09:15:00,58
1122,2019-01-31,09:30:00,57
1123,2019-01-31,09:45:00,53
1124,2019-01-31,10:00:00,75
1125,2019-01-31,10:15:00,75
1126,2019-01-31,10:30:00,77
1127,2019-01-31,10:45:00,50
1128,2019-01-31,11:00:00,58
1129,2019-01-31,11:15:00,62
1130,2019-01-31,11:30:00,88
1131,2019-01-31,11:45:00,73
1132,2019-01-31,12:00:00,72
1133,2019-01-31,12:15:00,86
1134,2019-01-31,12:30:00,92
1135,2019-01-31,12:45:00,76
1136,2019-01-31,13:00:00,71
1137,2019-01-31,13:15:00,80
1138,2019-01-31,13:30:00,71
1139,2019-01-31,13:45:00,71
1140,2019-01-31,14:00:00,57
1141,2019-01-31,14:15:00,66
1142,2019-01-31,14:30:00,80
1143,2019-01-31,14:45:00,52
1144,2019-01-31,15:00:00,65
1145,2019-01-31,15:15:00,68
1146,2019-01-31,15:30:00,58
1147,2019-01-31,15:45:00,50
1148,2019-01-31,16:00:00,50
1149,2019-01-31,16:15:00,45
1150,2019-01-31,16:30:00,45
1151,2019-01-31,16:45:00,39
1152,2019-01-31,17:00:00,20
1153,2019-01-31,17:15:00,32
1154,2019-01-31,17:30:00,31
1155,2019-01-31,17:45:00,18
1156,2019-01-31,18:00:00,15
1157,2019-01-31,18:15:00,19
1158,2019-01-31,18:30:00,9
1159,2019-01-31,18:45:00,15
1160,2019-01-31,19:00:00,10
1161,2019-01-31,19:15:00,8
1162,2019-01-31,19:30:00,9
1163,2019-01-31,19:45:00,1
1164,2019-01-31,20:00:00,6
1165,2019-01-31,20:15:00,2
1166,2019-01-31,20:30:00,5
1167,2019-01-31,20:45:00,4
1168,2019-02-01,07:00:00,14
1169,2019-02-01,07:15:00,17
1170,2019-02-01,07:30:00,14
1171,2019-02-01,07:45:00,18
1172,2019-02-01,08:00:00,27
1173,2019-02-01,08:15:00,27
1174,2019-02-01,08:30:00,13
1175,2019-02-01,08:45:00,20
1176,2019-02-01,09:00:00,41
1177,2019-02-01,09:15:00,79
1178,2019-02-01,09:30:00,58
1179,2019-02-01,09:45:00,48
1180,2019-02-01,10:00:00,57
1181,2019-02-01,10:15:00,77
1182,2019-02-01,10:30:00,86
1183,2019-02-01,10:45:00,54
1184,2019-02-01,11:00:00,54
1185,2019-02-01,11:15:00,74
1186,2019-02-01,11:30:00,81
1187,2019-02-01,11:45:00,50
1188,2019-02-01,12:00:00,61
1189,2019-02-01,12:15:00,88
1190,2019-02-01,12:30:00,88
1191,2019-02-01,12:45:00,67
1192,2019-02-01,13:00:00,63
1193,2019-02-01,13:15:00,87
1194,2019-02-01,13:30:00,65
1195,2019-02-01,13:45:00,48
1196,2019-02-01,14:00:00,53
1197,2019-02-01,14:15:00,59
1198,2019-02-01,14:30:00,45
1199,2019-02-01,14:45:00,23
1200,2019-02-01,15:00:00,39
1201,2019-02-01,15:15:00,51
1202,2019-02-01,15:30:00,48
1203,2019-02-01,15:45:00,34
1204,2019-02-01,16:00:00,22
1205,2019-02-01,16:15:00,21
1206,2019-02-01,16:30:00,27
1207,2019-02-01,16:45:00,22
1208,2019-02-01,17:00:00,14
1209,2019-02-01,17:15:00,12
1210,2019-02-01,17:30:00,8
1211,2019-02-01,17:45:00,19
1212,2019-02-01,18:00:00,8
1213,2019-02-01,18:15:00,7
1214,2019-02-01,18:30:00,9
1215,2019-02-01,18:45:00,4
1216,2019-02-01,19:00:00,7
1217,2019-02-01,19:15:00,2
1218,2019-02-01,19:30:00,3
1219,2019-02-01,19:45:00,6
1220,2019-02-01,20:15:00,2
1221,2019-02-01,20:30:00,1
1222,2019-02-02,07:45:00,2
1223,2019-02-02,08:00:00,3
1224,2019-02-02,08:15:00,5
1225,2019-02-02,08:30:00,6
1226,2019-02-02,08:45:00,2
1227,2019-02-02,09:00:00,4
1228,2019-02-02,09:15:00,1
1229,2019-02-02,09:30:00,3
1230,2019-02-02,09:45:00,4
1231,2019-02-02,10:00:00,7
1232,2019-02-02,10:15:00,7
1233,2019-02-02,10:30:00,3
1234,2019-02-02,10:45:00,5
1235,2019-02-02,11:00:00,5
1236,2019-02-02,11:15:00,5
1237,2019-02-02,11:30:00,5
1238,2019-02-02,11:45:00,19
1239,2019-02-02,12:00:00,22
1240,2019-02-02,12:15:00,8
1241,2019-02-02,12:30:00,10
1242,2019-02-02,12:45:00,4
1243,2019-02-02,13:00:00,13
1244,2019-02-02,13:15:00,7
1245,2019-02-02,13:30:00,10
1246,2019-02-02,13:45:00,2
1247,2019-02-02,14:00:00,10
1248,2019-02-02,14:15:00,5
1249,2019-02-02,14:30:00,13
1250,2019-02-02,14:45:00,6
1251,2019-02-02,15:00:00,6
1252,2019-02-02,15:15:00,6
1253,2019-02-02,15:30:00,8
1254,2019-02-02,15:45:00,4
1255,2019-02-02,16:00:00,8
1256,2019-02-02,16:15:00,3
1257,2019-02-02,16:30:00,5
1258,2019-02-02,16:45:00,9
1259,2019-02-02,17:00:00,8
1260,2019-02-02,17:15:00,4
1261,2019-02-02,17:30:00,2
1262,2019-02-02,17:45:00,2
1263,2019-02-02,18:00:00,4
1264,2019-02-02,18:15:00,1
1265,2019-02-02,18:30:00,3
1266,2019-02-02,18:45:00,1
1267,2019-02-02,19:15:00,1
1268,2019-02-02,19:30:00,2
1269,2019-02-02,19:45:00,2
1270,2019-02-02,20:00:00,9
1271,2019-02-06,07:00:00,4
1272,2019-02-06,07:15:00,6
1273,2019-02-06,07:30:00,12
1274,2019-02-06,07:45:00,22
1275,2019-02-06,08:00:00,24
1276,2019-02-06,08:15:00,18
1277,2019-02-06,08:30:00,25
1278,2019-02-06,08:45:00,24
1279,2019-02-06,09:00:00,40
1280,2019-02-06,09:15:00,55
1281,2019-02-06,09:30:00,72
1282,2019-02-06,09:45:00,44
1283,2019-02-06,10:00:00,60
1284,2019-02-06,10:15:00,81
1285,2019-02-06,10:30:00,86
1286,2019-02-06,10:45:00,53
1287,2019-02-06,11:00:00,54
1288,2019-02-06,11:15:00,82
1289,2019-02-06,11:30:00,98
1290,2019-02-06,11:45:00,68
1291,2019-02-06,12:00:00,79
1292,2019-02-06,12:15:00,98
1293,2019-02-06,12:30:00,133
1294,2019-02-06,12:45:00,68
1295,2019-02-06,13:00:00,80
1296,2019-02-06,13:15:00,94
1297,2019-02-06,13:30:00,106
1298,2019-02-06,13:45:00,65
1299,2019-02-06,14:00:00,60
1300,2019-02-06,14:15:00,69
1301,2019-02-06,14:30:00,75
1302,2019-02-06,14:45:00,69
1303,2019-02-06,15:00:00,58
1304,2019-02-06,15:15:00,51
1305,2019-02-06,15:30:00,63
1306,2019-02-06,15:45:00,39
1307,2019-02-06,16:00:00,40
1308,2019-02-06,16:15:00,37
1309,2019-02-06,16:30:00,47
1310,2019-02-06,16:45:00,47
1311,2019-02-06,17:00:00,44
1312,2019-02-06,17:15:00,42
1313,2019-02-06,17:30:00,39
1314,2019-02-06,17:45:00,28
1315,2019-02-06,18:00:00,16
1316,2019-02-06,18:15:00,16
1317,2019-02-06,18:30:00,18
1318,2019-02-06,18:45:00,12
1319,2019-02-06,19:00:00,5
1320,2019-02-06,19:15:00,11
1321,2019-02-06,19:30:00,13
1322,2019-02-06,19:45:00,4
1323,2019-02-06,20:00:00,15
1324,2019-02-06,20:15:00,4
1325,2019-02-06,20:30:00,3
1326,2019-02-06,20:45:00,2
1327,2019-02-06,21:00:00,1
1328,2019-02-07,06:30:00,4
1329,2019-02-07,07:00:00,3
1330,2019-02-07,07:15:00,9
1331,2019-02-07,07:30:00,18
1332,2019-02-07,07:45:00,14
1333,2019-02-07,08:00:00,28
1334,2019-02-07,08:15:00,30
1335,2019-02-07,08:30:00,16
1336,2019-02-07,08:45:00,19
1337,2019-02-07,09:00:00,34
1338,2019-02-07,09:15:00,47
1339,2019-02-07,09:30:00,58
1340,2019-02-07,09:45:00,58
1341,2019-02-07,10:00:00,66
1342,2019-02-07,10:15:00,94
1343,2019-02-07,10:30:00,69
1344,2019-02-07,10:45:00,50
1345,2019-02-07,11:00:00,63
1346,2019-02-07,11:15:00,82
1347,2019-02-07,11:30:00,71
1348,2019-02-07,11:45:00,82
1349,2019-02-07,12:00:00,82
1350,2019-02-07,12:15:00,80
1351,2019-02-07,12:30:00,116
1352,2019-02-07,12:45:00,72
1353,2019-02-07,13:00:00,72
1354,2019-02-07,13:15:00,77
1355,2019-02-07,13:30:00,70
1356,2019-02-07,13:45:00,67
1357,2019-02-07,14:00:00,58
1358,2019-02-07,14:15:00,78
1359,2019-02-07,14:30:00,66
1360,2019-02-07,14:45:00,60
1361,2019-02-07,15:00:00,63
1362,2019-02-07,15:15:00,66
1363,2019-02-07,15:30:00,43
1364,2019-02-07,15:45:00,49
1365,2019-02-07,16:00:00,42
1366,2019-02-07,16:15:00,41
1367,2019-02-07,16:30:00,54
1368,2019-02-07,16:45:00,30
1369,2019-02-07,17:00:00,43
1370,2019-02-07,17:15:00,31
1371,2019-02-07,17:30:00,21
1372,2019-02-07,17:45:00,22
1373,2019-02-07,18:00:00,18
1374,2019-02-07,18:15:00,10
1375,2019-02-07,18:30:00,6
1376,2019-02-07,18:45:00,13
1377,2019-02-07,19:00:00,8
1378,2019-02-07,19:15:00,4
1379,2019-02-07,19:30:00,7
1380,2019-02-07,19:45:00,2
1381,2019-02-07,20:00:00,4
1382,2019-02-07,20:15:00,6
1383,2019-02-07,20:30:00,4
1384,2019-02-07,20:45:00,2
1385,2019-02-08,06:30:00,3
1386,2019-02-08,07:00:00,4
1387,2019-02-08,07:15:00,8
1388,2019-02-08,07:30:00,9
1389,2019-02-08,07:45:00,15
1390,2019-02-08,08:00:00,16
1391,2019-02-08,08:15:00,22
1392,2019-02-08,08:30:00,24
1393,2019-02-08,08:45:00,24
1394,2019-02-08,09:00:00,21
1395,2019-02-08,09:15:00,58
1396,2019-02-08,09:30:00,42
1397,2019-02-08,09:45:00,19
1398,2019-02-08,10:00:00,22
1399,2019-02-08,10:15:00,56
1400,2019-02-08,10:30:00,65
1401,2019-02-08,10:45:00,31
1402,2019-02-08,11:00:00,36
1403,2019-02-08,11:15:00,54
1404,2019-02-08,11:30:00,31
1405,2019-02-13,07:15:00,1
1406,2019-02-13,08:45:00,2
1407,2019-02-13,09:00:00,7
1408,2019-02-13,09:15:00,18
1409,2019-02-13,09:30:00,49
1410,2019-02-13,09:45:00,54
1411,2019-02-13,10:00:00,50
1412,2019-02-13,10:15:00,87
1413,2019-02-13,10:30:00,87
1414,2019-02-13,10:45:00,51
1415,2019-02-13,11:00:00,58
1416,2019-02-13,11:15:00,85
1417,2019-02-13,11:30:00,94
1418,2019-02-13,11:45:00,76
1419,2019-02-13,12:00:00,81
1420,2019-02-13,12:15:00,84
1421,2019-02-13,12:30:00,127
1422,2019-02-13,12:45:00,70
1423,2019-02-13,13:00:00,91
1424,2019-02-13,13:15:00,86
1425,2019-02-13,13:30:00,69
1426,2019-02-13,13:45:00,69
1427,2019-02-13,14:00:00,64
1428,2019-02-13,14:15:00,82
1429,2019-02-13,14:30:00,71
1430,2019-02-13,14:45:00,54
1431,2019-02-13,15:00:00,55
1432,2019-02-13,15:15:00,71
1433,2019-02-13,15:30:00,63
1434,2019-02-13,15:45:00,42
1435,2019-02-13,16:00:00,38
1436,2019-02-13,16:15:00,44
1437,2019-02-13,16:30:00,55
1438,2019-02-13,16:45:00,35
1439,2019-02-13,17:00:00,35
1440,2019-02-13,17:15:00,26
1441,2019-02-13,17:30:00,41
1442,2019-02-13,17:45:00,20
1443,2019-02-13,18:00:00,18
1444,2019-02-13,18:15:00,16
1445,2019-02-13,18:30:00,16
1446,2019-02-13,18:45:00,10
1447,2019-02-13,19:00:00,10
1448,2019-02-13,19:15:00,13
1449,2019-02-13,19:30:00,6
1450,2019-02-13,19:45:00,1
1451,2019-02-13,20:00:00,8
1452,2019-02-13,20:15:00,1
1453,2019-02-13,20:30:00,3
1454,2019-02-13,20:45:00,2
1455,2019-02-13,21:00:00,1
1456,2019-02-14,07:00:00,6
1457,2019-02-14,07:15:00,9
1458,2019-02-14,07:30:00,8
1459,2019-02-14,07:45:00,21
1460,2019-02-14,08:00:00,30
1461,2019-02-14,08:15:00,34
1462,2019-02-14,08:30:00,19
1463,2019-02-14,08:45:00,24
1464,2019-02-14,09:00:00,36
1465,2019-02-14,09:15:00,64
1466,2019-02-14,09:30:00,60
1467,2019-02-14,09:45:00,66
1468,2019-02-14,10:00:00,55
1469,2019-02-14,10:15:00,98
1470,2019-02-14,10:30:00,73
1471,2019-02-14,10:45:00,54
1472,2019-02-14,11:00:00,43
1473,2019-02-14,11:15:00,69
1474,2019-02-14,11:30:00,83
1475,2019-02-14,11:45:00,64
1476,2019-02-14,12:00:00,45
1477,2019-02-14,12:15:00,92
1478,2019-02-14,12:30:00,72
1479,2019-02-14,12:45:00,89
1480,2019-02-14,13:00:00,85
1481,2019-02-14,13:15:00,63
1482,2019-02-14,13:30:00,77
1483,2019-02-14,13:45:00,55
1484,2019-02-14,14:00:00,69
1485,2019-02-14,14:15:00,72
1486,2019-02-14,14:30:00,67
1487,2019-02-14,14:45:00,44
1488,2019-02-14,15:00:00,49
1489,2019-02-14,15:15:00,59
1490,2019-02-14,15:30:00,58
1491,2019-02-14,15:45:00,40
1492,2019-02-14,16:00:00,35
1493,2019-02-14,16:15:00,50
1494,2019-02-14,16:30:00,30
1495,2019-02-14,16:45:00,31
1496,2019-02-14,17:00:00,30
1497,2019-02-14,17:15:00,28
1498,2019-02-14,17:30:00,26
1499,2019-02-14,17:45:00,17
1500,2019-02-14,18:00:00,15
1501,2019-02-14,18:15:00,10
1502,2019-02-14,18:30:00,5
1503,2019-02-14,18:45:00,9
1504,2019-02-14,19:00:00,7
1505,2019-02-14,19:15:00,12
1506,2019-02-14,19:30:00,4
1507,2019-02-14,19:45:00,6
1508,2019-02-14,20:00:00,4
1509,2019-02-14,20:15:00,2
1510,2019-02-14,20:30:00,4
1511,2019-02-14,20:45:00,2
1512,2019-02-15,06:15:00,3
1513,2019-02-15,06:30:00,1
1514,2019-02-15,07:00:00,2
1515,2019-02-15,07:15:00,11
1516,2019-02-15,07:30:00,14
1517,2019-02-15,07:45:00,30
1518,2019-02-15,08:00:00,25
1519,2019-02-15,08:15:00,26
1520,2019-02-15,08:30:00,21
1521,2019-02-15,08:45:00,21
1522,2019-02-15,09:00:00,36
1523,2019-02-15,09:15:00,69
1524,2019-02-15,09:30:00,55
1525,2019-02-15,09:45:00,37
1526,2019-02-15,10:00:00,49
1527,2019-02-15,10:15:00,69
1528,2019-02-15,10:30:00,85
1529,2019-02-15,10:45:00,40
1530,2019-02-15,11:00:00,46
1531,2019-02-15,11:15:00,74
1532,2019-02-15,11:30:00,78
1533,2019-02-15,11:45:00,51
1534,2019-02-15,12:00:00,67
1535,2019-02-15,12:15:00,69
1536,2019-02-15,12:30:00,80
1537,2019-02-15,12:45:00,62
1538,2019-02-15,13:00:00,56
1539,2019-02-15,13:15:00,77
1540,2019-02-15,13:30:00,54
1541,2019-02-15,13:45:00,41
1542,2019-02-15,14:00:00,60
1543,2019-02-15,14:15:00,54
1544,2019-02-15,14:30:00,45
1545,2019-02-15,14:45:00,24
1546,2019-02-15,15:00:00,31
1547,2019-02-15,15:15:00,39
1548,2019-02-15,15:30:00,44
1549,2019-02-15,15:45:00,20
1550,2019-02-15,16:00:00,17
1551,2019-02-15,16:15:00,26
1552,2019-02-15,16:30:00,25
1553,2019-02-15,16:45:00,18
1554,2019-02-15,17:00:00,16
1555,2019-02-15,17:15:00,15
1556,2019-02-15,17:30:00,11
1557,2019-02-15,17:45:00,25
1558,2019-02-15,18:00:00,11
1559,2019-02-15,18:15:00,16
1560,2019-02-15,18:30:00,5
1561,2019-02-15,18:45:00,9
1562,2019-02-15,19:00:00,4
1563,2019-02-15,19:15:00,5
1564,2019-02-15,19:30:00,2
1565,2019-02-15,19:45:00,7
1566,2019-02-15,20:00:00,1
1567,2019-02-15,20:15:00,2
1568,2019-02-16,08:00:00,2
1569,2019-02-16,08:30:00,1
1570,2019-02-16,08:45:00,3
1571,2019-02-16,09:00:00,1
1572,2019-02-16,09:15:00,2
1573,2019-02-16,09:30:00,4
1574,2019-02-16,09:45:00,2
1575,2019-02-16,10:00:00,2
1576,2019-02-16,10:15:00,4
1577,2019-02-16,10:30:00,4
1578,2019-02-16,10:45:00,2
1579,2019-02-16,11:00:00,6
1580,2019-02-16,11:15:00,8
1581,2019-02-16,11:30:00,1
1582,2019-02-16,11:45:00,9
1583,2019-02-16,12:00:00,25
1584,2019-02-16,12:15:00,5
1585,2019-02-16,12:30:00,15
1586,2019-02-16,12:45:00,6
1587,2019-02-16,13:00:00,7
1588,2019-02-16,13:15:00,3
1589,2019-02-16,13:30:00,5
1590,2019-02-16,13:45:00,4
1591,2019-02-16,14:00:00,9
1592,2019-02-16,14:15:00,3
1593,2019-02-16,14:30:00,5
1594,2019-02-16,14:45:00,4
1595,2019-02-16,15:00:00,4
1596,2019-02-16,15:15:00,6
1597,2019-02-16,15:30:00,3
1598,2019-02-16,15:45:00,7
1599,2019-02-16,16:00:00,6
1600,2019-02-16,16:15:00,4
1601,2019-02-16,16:30:00,3
1602,2019-02-16,16:45:00,2
1603,2019-02-16,17:00:00,8
1604,2019-02-16,17:15:00,4
1605,2019-02-16,17:30:00,1
1606,2019-02-16,17:45:00,1
1607,2019-02-16,18:15:00,1
1608,2019-02-16,18:30:00,3
1609,2019-02-16,18:45:00,1
1610,2019-02-16,19:00:00,2
1611,2019-02-16,19:15:00,2
1612,2019-02-16,19:30:00,2
1613,2019-02-16,19:45:00,8
1614,2019-02-16,20:00:00,1
1615,2019-02-16,20:45:00,2
1616,2019-02-19,06:30:00,1
1617,2019-02-19,07:00:00,10
1618,2019-02-19,07:15:00,12
1619,2019-02-19,07:30:00,9
1620,2019-02-19,07:45:00,14
1621,2019-02-19,08:00:00,37
1622,2019-02-19,08:15:00,28
1623,2019-02-19,08:30:00,18
1624,2019-02-19,08:45:00,18
1625,2019-02-19,09:00:00,36
1626,2019-02-19,09:15:00,49
1627,2019-02-19,09:30:00,49
1628,2019-02-19,09:45:00,50
1629,2019-02-19,10:00:00,59
1630,2019-02-19,10:15:00,78
1631,2019-02-19,10:30:00,68
1632,2019-02-19,10:45:00,52
1633,2019-02-19,11:00:00,54
1634,2019-02-19,11:15:00,64
1635,2019-02-19,11:30:00,95
1636,2019-02-19,11:45:00,57
1637,2019-02-19,12:00:00,67
1638,2019-02-19,12:15:00,71
1639,2019-02-19,12:30:00,100
1640,2019-02-19,12:45:00,94
1641,2019-02-19,13:00:00,73
1642,2019-02-19,13:15:00,82
1643,2019-02-19,13:30:00,74
1644,2019-02-19,13:45:00,52
1645,2019-02-19,14:00:00,78
1646,2019-02-19,14:15:00,55
1647,2019-02-19,14:30:00,79
1648,2019-02-19,14:45:00,43
1649,2019-02-19,15:00:00,53
1650,2019-02-19,15:15:00,57
1651,2019-02-19,15:30:00,51
1652,2019-02-19,15:45:00,43
1653,2019-02-19,16:00:00,43
1654,2019-02-19,16:15:00,53
1655,2019-02-19,16:30:00,53
1656,2019-02-19,16:45:00,40
1657,2019-02-19,17:00:00,34
1658,2019-02-19,17:15:00,37
1659,2019-02-19,17:30:00,35
1660,2019-02-19,17:45:00,21
1661,2019-02-19,18:00:00,25
1662,2019-02-19,18:15:00,17
1663,2019-02-19,18:30:00,15
1664,2019-02-19,18:45:00,11
1665,2019-02-19,19:00:00,12
1666,2019-02-19,19:15:00,12
1667,2019-02-19,19:30:00,13
1668,2019-02-19,19:45:00,13
1669,2019-02-19,20:00:00,7
1670,2019-02-19,20:15:00,7
1671,2019-02-19,20:30:00,3
1672,2019-02-19,20:45:00,3
1673,2019-02-19,21:00:00,1
1674,2019-02-20,06:30:00,1
1675,2019-02-20,07:00:00,3
1676,2019-02-20,07:15:00,7
1677,2019-02-20,07:30:00,13
1678,2019-02-20,07:45:00,30
1679,2019-02-20,08:00:00,35
1680,2019-02-20,08:15:00,21
1681,2019-02-20,08:30:00,21
1682,2019-02-20,08:45:00,20
1683,2019-02-20,09:00:00,51
1684,2019-02-20,09:15:00,59
1685,2019-02-20,09:30:00,69
1686,2019-02-20,09:45:00,39
1687,2019-02-20,10:00:00,44
1688,2019-02-20,10:15:00,58
1689,2019-02-20,10:30:00,74
1690,2019-02-20,10:45:00,47
1691,2019-02-20,11:00:00,80
1692,2019-02-20,11:15:00,91
1693,2019-02-20,11:30:00,89
1694,2019-02-20,11:45:00,71
1695,2019-02-20,12:00:00,74
1696,2019-02-20,12:15:00,80
1697,2019-02-20,12:30:00,108
1698,2019-02-20,12:45:00,69
1699,2019-02-20,13:00:00,59
1700,2019-02-20,13:15:00,93
1701,2019-02-20,13:30:00,84
1702,2019-02-20,13:45:00,52
1703,2019-02-20,14:00:00,53
1704,2019-02-20,14:15:00,73
1705,2019-02-20,14:30:00,75
1706,2019-02-20,14:45:00,59
1707,2019-02-20,15:00:00,56
1708,2019-02-20,15:15:00,69
1709,2019-02-20,15:30:00,46
1710,2019-02-20,15:45:00,34
1711,2019-02-20,16:00:00,43
1712,2019-02-20,16:15:00,52
1713,2019-02-20,16:30:00,49
1714,2019-02-20,16:45:00,40
1715,2019-02-20,17:00:00,38
1716,2019-02-20,17:15:00,38
1717,2019-02-20,17:30:00,36
1718,2019-02-20,17:45:00,19
1719,2019-02-20,18:00:00,22
1720,2019-02-20,18:15:00,19
1721,2019-02-20,18:30:00,21
1722,2019-02-20,18:45:00,17
1723,2019-02-20,19:00:00,12
1724,2019-02-20,19:15:00,10
1725,2019-02-20,19:30:00,4
1726,2019-02-20,19:45:00,8
1727,2019-02-20,20:00:00,6
1728,2019-02-20,20:15:00,3
1729,2019-02-20,20:45:00,3
1730,2019-02-21,06:30:00,1
1731,2019-02-21,07:00:00,8
1732,2019-02-21,07:15:00,5
1733,2019-02-21,07:30:00,12
1734,2019-02-21,07:45:00,19
1735,2019-02-21,08:00:00,30
1736,2019-02-21,08:15:00,24
1737,2019-02-21,08:30:00,22
1738,2019-02-21,08:45:00,29
1739,2019-02-21,09:00:00,35
1740,2019-02-21,09:15:00,75
1741,2019-02-21,09:30:00,52
1742,2019-02-21,09:45:00,58
1743,2019-02-21,10:00:00,68
1744,2019-02-21,10:15:00,104
1745,2019-02-21,10:30:00,60
1746,2019-02-21,10:45:00,45
1747,2019-02-21,11:00:00,49
1748,2019-02-21,11:15:00,75
1749,2019-02-21,11:30:00,83
1750,2019-02-21,11:45:00,61
1751,2019-02-21,12:00:00,77
1752,2019-02-21,12:15:00,73
1753,2019-02-21,12:30:00,93
1754,2019-02-21,12:45:00,73
1755,2019-02-21,13:00:00,73
1756,2019-02-21,13:15:00,86
1757,2019-02-21,13:30:00,71
1758,2019-02-21,13:45:00,63
1759,2019-02-21,14:00:00,54
1760,2019-02-21,14:15:00,67
1761,2019-02-21,14:30:00,67
1762,2019-02-21,14:45:00,59
1763,2019-02-21,15:00:00,48
1764,2019-02-21,15:15:00,80
1765,2019-02-21,15:30:00,62
1766,2019-02-21,15:45:00,40
1767,2019-02-21,16:00:00,39
1768,2019-02-21,16:15:00,43
1769,2019-02-21,16:30:00,40
1770,2019-02-21,16:45:00,26
1771,2019-02-21,17:00:00,35
1772,2019-02-21,17:15:00,31
1773,2019-02-21,17:30:00,17
1774,2019-02-21,17:45:00,29
1775,2019-02-21,18:00:00,14
1776,2019-02-21,18:15:00,16
1777,2019-02-21,18:30:00,11
1778,2019-02-21,18:45:00,10
1779,2019-02-21,19:00:00,9
1780,2019-02-21,19:15:00,12
1781,2019-02-21,19:30:00,6
1782,2019-02-21,19:45:00,7
1783,2019-02-21,20:00:00,2
1784,2019-02-21,20:15:00,5
1785,2019-02-21,20:30:00,1
1786,2019-02-21,20:45:00,2
1787,2019-02-22,07:00:00,8
1788,2019-02-22,07:15:00,14
1789,2019-02-22,07:30:00,12
1790,2019-02-22,07:45:00,23
1791,2019-02-22,08:00:00,34
1792,2019-02-22,08:15:00,16
1793,2019-02-22,08:30:00,23
1794,2019-02-22,08:45:00,41
1795,2019-02-22,09:00:00,31
1796,2019-02-22,09:15:00,56
1797,2019-02-22,09:30:00,53
1798,2019-02-22,09:45:00,36
1799,2019-02-22,10:00:00,50
1800,2019-02-22,10:15:00,73
1801,2019-02-22,10:30:00,66
1802,2019-02-22,10:45:00,41
1803,2019-02-22,11:00:00,49
1804,2019-02-22,11:15:00,77
1805,2019-02-22,11:30:00,68
1806,2019-02-22,11:45:00,50
1807,2019-02-22,12:00:00,60
1808,2019-02-22,12:15:00,62
1809,2019-02-22,12:30:00,69
1810,2019-02-22,12:45:00,60
1811,2019-02-22,13:00:00,51
1812,2019-02-22,13:15:00,65
1813,2019-02-22,13:30:00,71
1814,2019-02-22,13:45:00,51
1815,2019-02-22,14:00:00,45
1816,2019-02-22,14:15:00,49
1817,2019-02-22,14:30:00,49
1818,2019-02-22,14:45:00,33
1819,2019-02-22,15:00:00,27
1820,2019-02-22,15:15:00,50
1821,2019-02-22,15:30:00,44
1822,2019-02-22,15:45:00,29
1823,2019-02-22,16:00:00,27
1824,2019-02-22,16:15:00,34
1825,2019-02-22,16:30:00,26
1826,2019-02-22,16:45:00,19
1827,2019-02-22,17:00:00,21
1828,2019-02-22,17:15:00,17
1829,2019-02-22,17:30:00,13
1830,2019-02-22,17:45:00,8
1831,2019-02-22,18:00:00,8
1832,2019-02-22,18:15:00,8
1833,2019-02-22,18:30:00,13
1834,2019-02-22,18:45:00,7
1835,2019-02-22,19:00:00,8
1836,2019-02-22,19:15:00,3
1837,2019-02-22,19:30:00,4
1838,2019-02-22,19:45:00,2
1839,2019-02-22,20:00:00,3
1840,2019-02-22,20:15:00,2
1841,2019-02-22,20:30:00,3
1842,2019-02-22,20:45:00,1
1843,2019-02-23,08:00:00,2
1844,2019-02-23,08:15:00,1
1845,2019-02-23,08:30:00,4
1846,2019-02-23,08:45:00,3
1847,2019-02-23,09:00:00,3
1848,2019-02-23,09:15:00,7
1849,2019-02-23,09:30:00,1
1850,2019-02-23,09:45:00,2
1851,2019-02-23,10:00:00,6
1852,2019-02-23,10:15:00,9
1853,2019-02-23,10:30:00,11
1854,2019-02-23,10:45:00,4
1855,2019-02-23,11:00:00,11
1856,2019-02-23,11:15:00,3
1857,2019-02-23,11:30:00,5
1858,2019-02-23,11:45:00,7
1859,2019-02-23,12:00:00,12
1860,2019-02-23,12:15:00,14
1861,2019-02-23,12:30:00,11
1862,2019-02-23,12:45:00,19
1863,2019-02-23,13:00:00,14
1864,2019-02-23,13:15:00,11
1865,2019-02-23,13:30:00,6
1866,2019-02-23,13:45:00,7
1867,2019-02-23,14:00:00,10
1868,2019-02-23,14:15:00,5
1869,2019-02-23,14:30:00,15
1870,2019-02-23,14:45:00,12
1871,2019-02-23,15:00:00,4
1872,2019-02-23,15:15:00,11
1873,2019-02-23,15:30:00,6
1874,2019-02-23,15:45:00,4
1875,2019-02-23,16:00:00,4
1876,2019-02-23,16:15:00,2
1877,2019-02-23,16:30:00,7
1878,2019-02-23,16:45:00,6
1879,2019-02-23,17:00:00,9
1880,2019-02-23,17:15:00,4
1881,2019-02-23,17:30:00,2
1882,2019-02-23,17:45:00,2
1883,2019-02-23,18:00:00,4
1884,2019-02-23,18:15:00,1
1885,2019-02-23,18:30:00,3
1886,2019-02-23,18:45:00,2
1887,2019-02-23,19:00:00,3
1888,2019-02-23,19:15:00,2
1889,2019-02-23,19:30:00,5
1890,2019-02-23,20:00:00,5
1891,2019-02-23,20:15:00,2
1892,2019-02-23,20:30:00,3
1893,2019-02-23,20:45:00,2
1894,2019-02-25,06:30:00,2
1895,2019-02-25,06:45:00,2
1896,2019-02-25,07:00:00,11
1897,2019-02-25,07:15:00,13
1898,2019-02-25,07:30:00,15
1899,2019-02-25,07:45:00,17
1900,2019-02-25,08:00:00,28
1901,2019-02-25,08:15:00,22
1902,2019-02-25,08:30:00,21
1903,2019-02-25,08:45:00,18
1904,2019-02-25,09:00:00,40
1905,2019-02-25,09:15:00,55
1906,2019-02-25,09:30:00,55
1907,2019-02-25,09:45:00,34
1908,2019-02-25,10:00:00,45
1909,2019-02-25,10:15:00,71
1910,2019-02-25,10:30:00,73
1911,2019-02-25,10:45:00,45
1912,2019-02-25,11:00:00,64
1913,2019-02-25,11:15:00,64
1914,2019-02-25,11:30:00,70
1915,2019-02-25,11:45:00,52
1916,2019-02-25,12:00:00,63
1917,2019-02-25,12:15:00,88
1918,2019-02-25,12:30:00,101
1919,2019-02-25,12:45:00,74
1920,2019-02-25,13:00:00,67
1921,2019-02-25,13:15:00,60
1922,2019-02-25,13:30:00,96
1923,2019-02-25,13:45:00,58
1924,2019-02-25,14:00:00,71
1925,2019-02-25,14:15:00,79
1926,2019-02-25,14:30:00,57
1927,2019-02-25,14:45:00,46
1928,2019-02-25,15:00:00,42
1929,2019-02-25,15:15:00,65
1930,2019-02-25,15:30:00,63
1931,2019-02-25,15:45:00,28
1932,2019-02-25,16:00:00,36
1933,2019-02-25,16:15:00,35
1934,2019-02-25,16:30:00,46
1935,2019-02-25,16:45:00,27
1936,2019-02-25,17:00:00,22
1937,2019-02-25,17:15:00,18
1938,2019-02-25,17:30:00,24
1939,2019-02-25,17:45:00,19
1940,2019-02-25,18:00:00,17
1941,2019-02-25,18:15:00,29
1942,2019-02-25,18:30:00,9
1943,2019-02-25,18:45:00,10
1944,2019-02-25,19:00:00,12
1945,2019-02-25,19:15:00,6
1946,2019-02-25,19:30:00,16
1947,2019-02-25,19:45:00,3
1948,2019-02-25,20:00:00,5
1949,2019-02-25,20:15:00,8
1950,2019-02-25,20:30:00,3
1951,2019-02-25,20:45:00,2
1952,2019-02-26,06:30:00,2
1953,2019-02-26,07:00:00,5
1954,2019-02-26,07:15:00,11
1955,2019-02-26,07:30:00,13
1956,2019-02-26,07:45:00,22
1957,2019-02-26,08:00:00,29
1958,2019-02-26,08:15:00,28
1959,2019-02-26,08:30:00,36
1960,2019-02-26,08:45:00,23
1961,2019-02-26,09:00:00,33
1962,2019-02-26,09:15:00,67
1963,2019-02-26,09:30:00,49
1964,2019-02-26,09:45:00,46
1965,2019-02-26,10:00:00,64
1966,2019-02-26,10:15:00,77
1967,2019-02-26,10:30:00,70
1968,2019-02-26,10:45:00,50
1969,2019-02-26,11:00:00,56
1970,2019-02-26,11:15:00,73
1971,2019-02-26,11:30:00,66
1972,2019-02-26,11:45:00,62
1973,2019-02-26,12:00:00,71
1974,2019-02-26,12:15:00,68
1975,2019-02-26,12:30:00,87
1976,2019-02-26,12:45:00,100
1977,2019-02-26,13:00:00,63
1978,2019-02-26,13:15:00,85
1979,2019-02-26,13:30:00,66
1980,2019-02-26,13:45:00,68
1981,2019-02-26,14:00:00,67
1982,2019-02-26,14:15:00,67
1983,2019-02-26,14:30:00,78
1984,2019-02-26,14:45:00,66
1985,2019-02-26,15:00:00,60
1986,2019-02-26,15:15:00,82
1987,2019-02-26,15:30:00,62
1988,2019-02-26,15:45:00,37
1989,2019-02-26,16:00:00,44
1990,2019-02-26,16:15:00,48
1991,2019-02-26,16:30:00,46
1992,2019-02-26,16:45:00,40
1993,2019-02-26,17:00:00,42
1994,2019-02-26,17:15:00,35
1995,2019-02-26,17:30:00,39
1996,2019-02-26,17:45:00,30
1997,2019-02-26,18:00:00,23
1998,2019-02-26,18:15:00,17
1999,2019-02-26,18:30:00,14
2000,2019-02-26,18:45:00,11
2001,2019-02-26,19:00:00,19
2002,2019-02-26,19:15:00,12
2003,2019-02-26,19:30:00,8
2004,2019-02-26,19:45:00,13
2005,2019-02-26,20:00:00,5
2006,2019-02-26,20:15:00,5
2007,2019-02-26,20:30:00,5
2008,2019-02-26,20:45:00,1
2009,2019-02-27,07:00:00,11
2010,2019-02-27,07:15:00,6
2011,2019-02-27,07:30:00,10
2012,2019-02-27,07:45:00,24
2013,2019-02-27,08:00:00,27
2014,2019-02-27,08:15:00,28
2015,2019-02-27,08:30:00,15
2016,2019-02-27,08:45:00,28
2017,2019-02-27,09:00:00,37
2018,2019-02-27,09:15:00,64
2019,2019-02-27,09:30:00,64
2020,2019-02-27,09:45:00,40
2021,2019-02-27,10:00:00,60
2022,2019-02-27,10:15:00,64
2023,2019-02-27,10:30:00,95
2024,2019-02-27,10:45:00,45
2025,2019-02-27,11:00:00,67
2026,2019-02-27,11:15:00,105
2027,2019-02-27,11:30:00,105
2028,2019-02-27,11:45:00,56
2029,2019-02-27,12:00:00,69
2030,2019-02-27,12:15:00,101
2031,2019-02-27,12:30:00,115
2032,2019-02-27,12:45:00,80
2033,2019-02-27,13:00:00,82
2034,2019-02-27,13:15:00,77
2035,2019-02-27,13:30:00,85
2036,2019-02-27,13:45:00,59
2037,2019-02-27,14:00:00,68
2038,2019-02-27,14:15:00,61
2039,2019-02-27,14:30:00,74
2040,2019-02-27,14:45:00,61
2041,2019-02-27,15:00:00,80
2042,2019-02-27,15:15:00,55
2043,2019-02-27,15:30:00,54
2044,2019-02-27,15:45:00,45
2045,2019-02-27,16:00:00,38
2046,2019-02-27,16:15:00,52
2047,2019-02-27,16:30:00,45
2048,2019-02-27,16:45:00,40
2049,2019-02-27,17:00:00,34
2050,2019-02-27,17:15:00,35
2051,2019-02-27,17:30:00,30
2052,2019-02-27,17:45:00,21
2053,2019-02-27,18:00:00,22
2054,2019-02-27,18:15:00,20
2055,2019-02-27,18:30:00,9
2056,2019-02-27,18:45:00,15
2057,2019-02-27,19:00:00,10
2058,2019-02-27,19:15:00,7
2059,2019-02-27,19:30:00,17
2060,2019-02-27,19:45:00,7
2061,2019-02-27,20:00:00,3
2062,2019-02-27,20:15:00,2
2063,2019-02-27,20:30:00,4
2064,2019-02-27,20:45:00,4
2065,2019-02-28,07:00:00,7
2066,2019-02-28,07:15:00,12
2067,2019-02-28,07:30:00,20
2068,2019-02-28,07:45:00,18
2069,2019-02-28,08:00:00,25
2070,2019-02-28,08:15:00,35
2071,2019-02-28,08:30:00,21
2072,2019-02-28,08:45:00,29
2073,2019-02-28,09:00:00,32
2074,2019-02-28,09:15:00,60
2075,2019-02-28,09:30:00,54
2076,2019-02-28,09:45:00,71
2077,2019-02-28,10:00:00,54
2078,2019-02-28,10:15:00,81
2079,2019-02-28,10:30:00,60
2080,2019-02-28,10:45:00,51
2081,2019-02-28,11:00:00,37
2082,2019-02-28,11:15:00,59
2083,2019-02-28,11:30:00,74
2084,2019-02-28,11:45:00,79
2085,2019-02-28,12:00:00,69
2086,2019-02-28,12:15:00,77
2087,2019-02-28,12:30:00,94
2088,2019-02-28,12:45:00,69
2089,2019-02-28,13:00:00,72
2090,2019-02-28,13:15:00,69
2091,2019-02-28,13:30:00,65
2092,2019-02-28,13:45:00,67
2093,2019-02-28,14:00:00,58
2094,2019-02-28,14:15:00,70
2095,2019-02-28,14:30:00,65
2096,2019-02-28,14:45:00,38
2097,2019-02-28,15:00:00,59
2098,2019-02-28,15:15:00,75
2099,2019-02-28,15:30:00,63
2100,2019-02-28,15:45:00,34
2101,2019-02-28,16:00:00,43
2102,2019-02-28,16:15:00,60
2103,2019-02-28,16:30:00,39
2104,2019-02-28,16:45:00,34
2105,2019-02-28,17:00:00,25
2106,2019-02-28,17:15:00,43
2107,2019-02-28,17:30:00,30
2108,2019-02-28,17:45:00,18
2109,2019-02-28,18:00:00,23
2110,2019-02-28,18:15:00,19
2111,2019-02-28,18:30:00,13
2112,2019-02-28,18:45:00,12
2113,2019-02-28,19:00:00,14
2114,2019-02-28,19:15:00,8
2115,2019-02-28,19:30:00,5
2116,2019-02-28,19:45:00,4
2117,2019-02-28,20:00:00,3
2118,2019-02-28,20:15:00,9
2119,2019-02-28,20:30:00,1
2120,2019-02-28,20:45:00,2
2121,2019-03-01,06:30:00,2
2122,2019-03-01,07:00:00,10
2123,2019-03-01,07:15:00,17
2124,2019-03-01,07:30:00,11
2125,2019-03-01,07:45:00,18
2126,2019-03-01,08:00:00,30
2127,2019-03-01,08:15:00,29
2128,2019-03-01,08:30:00,27
2129,2019-03-01,08:45:00,23
2130,2019-03-01,09:00:00,46
2131,2019-03-01,09:15:00,74
2132,2019-03-01,09:30:00,44
2133,2019-03-01,09:45:00,44
2134,2019-03-01,10:00:00,54
2135,2019-03-01,10:15:00,65
2136,2019-03-01,10:30:00,66
2137,2019-03-01,10:45:00,38
2138,2019-03-01,11:00:00,58
2139,2019-03-01,11:15:00,88
2140,2019-03-01,11:30:00,70
2141,2019-03-01,11:45:00,50
2142,2019-03-01,12:00:00,57
2143,2019-03-01,12:15:00,85
2144,2019-03-01,12:30:00,99
2145,2019-03-01,12:45:00,55
2146,2019-03-01,13:00:00,63
2147,2019-03-01,13:15:00,71
2148,2019-03-01,13:30:00,63
2149,2019-03-01,13:45:00,40
2150,2019-03-01,14:00:00,54
2151,2019-03-01,14:15:00,64
2152,2019-03-01,14:30:00,46
2153,2019-03-01,14:45:00,38
2154,2019-03-01,15:00:00,33
2155,2019-03-01,15:15:00,37
2156,2019-03-01,15:30:00,43
2157,2019-03-01,15:45:00,23
2158,2019-03-01,16:00:00,18
2159,2019-03-01,16:15:00,32
2160,2019-03-01,16:30:00,29
2161,2019-03-01,16:45:00,21
2162,2019-03-01,17:00:00,16
2163,2019-03-01,17:15:00,13
2164,2019-03-01,17:30:00,15
2165,2019-03-01,17:45:00,14
2166,2019-03-01,18:00:00,12
2167,2019-03-01,18:15:00,7
2168,2019-03-01,18:30:00,11
2169,2019-03-01,18:45:00,7
2170,2019-03-01,19:00:00,10
2171,2019-03-01,19:15:00,3
2172,2019-03-01,19:30:00,4
2173,2019-03-01,19:45:00,2
2174,2019-03-01,20:00:00,2
2175,2019-03-01,20:15:00,4
2176,2019-03-02,08:00:00,3
2177,2019-03-02,08:15:00,2
2178,2019-03-02,08:30:00,5
2179,2019-03-02,08:45:00,1
2180,2019-03-02,09:00:00,3
2181,2019-03-02,09:15:00,1
2182,2019-03-02,09:30:00,4
2183,2019-03-02,09:45:00,4
2184,2019-03-02,10:00:00,2
2185,2019-03-02,10:15:00,4
2186,2019-03-02,10:30:00,2
2187,2019-03-02,10:45:00,5
2188,2019-03-02,11:00:00,5
2189,2019-03-02,11:15:00,14
2190,2019-03-02,11:30:00,7
2191,2019-03-02,11:45:00,16
2192,2019-03-02,12:00:00,21
2193,2019-03-02,12:15:00,18
2194,2019-03-02,12:30:00,15
2195,2019-03-02,12:45:00,7
2196,2019-03-02,13:00:00,17
2197,2019-03-02,13:15:00,14
2198,2019-03-02,13:30:00,6
2199,2019-03-02,13:45:00,5
2200,2019-03-02,14:00:00,11
2201,2019-03-02,14:15:00,8
2202,2019-03-02,14:30:00,7
2203,2019-03-02,14:45:00,23
2204,2019-03-02,15:00:00,17
2205,2019-03-02,15:15:00,14
2206,2019-03-02,15:30:00,14
2207,2019-03-02,15:45:00,5
2208,2019-03-02,16:00:00,6
2209,2019-03-02,16:15:00,7
2210,2019-03-02,16:30:00,9
2211,2019-03-02,16:45:00,11
2212,2019-03-02,17:00:00,6
2213,2019-03-02,17:15:00,4
2214,2019-03-02,17:30:00,6
2215,2019-03-02,17:45:00,1
2216,2019-03-02,18:00:00,4
2217,2019-03-02,18:15:00,5
2218,2019-03-02,18:30:00,6
2219,2019-03-02,18:45:00,5
2220,2019-03-02,19:00:00,1
2221,2019-03-02,19:15:00,4
2222,2019-03-02,19:45:00,2
2223,2019-03-02,20:00:00,4
2224,2019-03-02,20:15:00,3
2225,2019-03-02,20:30:00,1
2226,2019-03-02,20:45:00,2
2227,2019-03-04,06:45:00,3
2228,2019-03-04,07:00:00,8
2229,2019-03-04,07:15:00,8
2230,2019-03-04,07:30:00,24
2231,2019-03-04,07:45:00,22
2232,2019-03-04,08:00:00,25
2233,2019-03-04,08:15:00,22
2234,2019-03-04,08:30:00,22
2235,2019-03-04,08:45:00,18
2236,2019-03-04,09:00:00,30
2237,2019-03-04,09:15:00,52
2238,2019-03-04,09:30:00,67
2239,2019-03-04,09:45:00,40
2240,2019-03-04,10:00:00,53
2241,2019-03-04,10:15:00,78
2242,2019-03-04,10:30:00,66
2243,2019-03-04,10:45:00,43
2244,2019-03-04,11:00:00,59
2245,2019-03-04,11:15:00,67
2246,2019-03-04,11:30:00,86
2247,2019-03-04,11:45:00,50
2248,2019-03-04,12:00:00,66
2249,2019-03-04,12:15:00,94
2250,2019-03-04,12:30:00,99
2251,2019-03-04,12:45:00,68
2252,2019-03-04,13:00:00,65
2253,2019-03-04,13:15:00,73
2254,2019-03-04,13:30:00,74
2255,2019-03-04,13:45:00,64
2256,2019-03-04,14:00:00,69
2257,2019-03-04,14:15:00,57
2258,2019-03-04,14:30:00,68
2259,2019-03-04,14:45:00,50
2260,2019-03-04,15:00:00,57
2261,2019-03-04,15:15:00,68
2262,2019-03-04,15:30:00,62
2263,2019-03-04,15:45:00,45
2264,2019-03-04,16:00:00,45
2265,2019-03-04,16:15:00,56
2266,2019-03-04,16:30:00,38
2267,2019-03-04,16:45:00,29
2268,2019-03-04,17:00:00,29
2269,2019-03-04,17:15:00,30
2270,2019-03-04,17:30:00,34
2271,2019-03-04,17:45:00,31
2272,2019-03-04,18:00:00,20
2273,2019-03-04,18:15:00,26
2274,2019-03-04,18:30:00,18
2275,2019-03-04,18:45:00,12
2276,2019-03-04,19:00:00,9
2277,2019-03-04,19:15:00,11
2278,2019-03-04,19:30:00,10
2279,2019-03-04,19:45:00,6
2280,2019-03-04,20:00:00,4
2281,2019-03-04,20:30:00,2
2282,2019-03-04,20:45:00,6
2283,2019-03-05,06:45:00,1
2284,2019-03-05,07:00:00,7
2285,2019-03-05,07:15:00,12
2286,2019-03-05,07:30:00,14
2287,2019-03-05,07:45:00,17
2288,2019-03-05,08:00:00,28
2289,2019-03-05,08:15:00,20
2290,2019-03-05,08:30:00,19
2291,2019-03-05,08:45:00,16
2292,2019-03-05,09:00:00,38
2293,2019-03-05,09:15:00,49
2294,2019-03-05,09:30:00,63
2295,2019-03-05,09:45:00,43
2296,2019-03-05,10:00:00,65
2297,2019-03-05,10:15:00,80
2298,2019-03-05,10:30:00,54
2299,2019-03-05,10:45:00,48
2300,2019-03-05,11:00:00,56
2301,2019-03-05,11:15:00,64
2302,2019-03-05,11:30:00,95
2303,2019-03-05,11:45:00,80
2304,2019-03-05,12:00:00,58
2305,2019-03-05,12:15:00,75
2306,2019-03-05,12:30:00,102
2307,2019-03-05,12:45:00,84
2308,2019-03-05,13:00:00,83
2309,2019-03-05,13:15:00,88
2310,2019-03-05,13:30:00,72
2311,2019-03-05,13:45:00,50
2312,2019-03-05,14:00:00,59
2313,2019-03-05,14:15:00,80
2314,2019-03-05,14:30:00,73
2315,2019-03-05,14:45:00,51
2316,2019-03-05,15:00:00,59
2317,2019-03-05,15:15:00,81
2318,2019-03-05,15:30:00,58
2319,2019-03-05,15:45:00,45
2320,2019-03-05,16:00:00,51
2321,2019-03-05,16:15:00,53
2322,2019-03-05,16:30:00,56
2323,2019-03-05,16:45:00,38
2324,2019-03-05,17:00:00,31
2325,2019-03-05,17:15:00,39
2326,2019-03-05,17:30:00,39
2327,2019-03-05,17:45:00,25
2328,2019-03-05,18:00:00,27
2329,2019-03-05,18:15:00,14
2330,2019-03-05,18:30:00,12
2331,2019-03-05,18:45:00,14
2332,2019-03-05,19:00:00,13
2333,2019-03-05,19:15:00,10
2334,2019-03-05,19:30:00,9
2335,2019-03-05,19:45:00,3
2336,2019-03-05,20:00:00,6
2337,2019-03-05,20:15:00,6
2338,2019-03-05,20:30:00,2
2339,2019-03-05,20:45:00,1
2340,2019-03-06,07:00:00,9
2341,2019-03-06,07:15:00,11
2342,2019-03-06,07:30:00,19
2343,2019-03-06,07:45:00,17
2344,2019-03-06,08:00:00,23
2345,2019-03-06,08:15:00,29
2346,2019-03-06,08:30:00,25
2347,2019-03-06,08:45:00,20
2348,2019-03-06,09:00:00,27
2349,2019-03-06,09:15:00,69
2350,2019-03-06,09:30:00,71
2351,2019-03-06,09:45:00,39
2352,2019-03-06,10:00:00,43
2353,2019-03-06,10:15:00,85
2354,2019-03-06,10:30:00,85
2355,2019-03-06,10:45:00,50
2356,2019-03-06,11:00:00,44
2357,2019-03-06,11:15:00,90
2358,2019-03-06,11:30:00,79
2359,2019-03-06,11:45:00,51
2360,2019-03-06,12:00:00,84
2361,2019-03-06,12:15:00,129
2362,2019-03-06,12:30:00,98
2363,2019-03-06,12:45:00,72
2364,2019-03-06,13:00:00,77
2365,2019-03-06,13:15:00,87
2366,2019-03-06,13:30:00,84
2367,2019-03-06,13:45:00,56
2368,2019-03-06,14:00:00,67
2369,2019-03-06,14:15:00,86
2370,2019-03-06,14:30:00,65
2371,2019-03-06,14:45:00,58
2372,2019-03-06,15:00:00,60
2373,2019-03-06,15:15:00,73
2374,2019-03-06,15:30:00,59
2375,2019-03-06,15:45:00,28
2376,2019-03-06,16:00:00,43
2377,2019-03-06,16:15:00,55
2378,2019-03-06,16:30:00,56
2379,2019-03-06,16:45:00,41
2380,2019-03-06,17:00:00,32
2381,2019-03-06,17:15:00,37
2382,2019-03-06,17:30:00,32
2383,2019-03-06,17:45:00,14
2384,2019-03-06,18:00:00,26
2385,2019-03-06,18:15:00,22
2386,2019-03-06,18:30:00,16
2387,2019-03-06,18:45:00,11
2388,2019-03-06,19:00:00,18
2389,2019-03-06,19:15:00,11
2390,2019-03-06,19:30:00,4
2391,2019-03-06,19:45:00,7
2392,2019-03-06,20:00:00,16
2393,2019-03-06,20:15:00,6
2394,2019-03-06,20:30:00,11
2395,2019-03-06,20:45:00,6
2396,2019-03-07,06:30:00,1
2397,2019-03-07,06:45:00,1
2398,2019-03-07,07:00:00,5
2399,2019-03-07,07:15:00,12
2400,2019-03-07,07:30:00,15
2401,2019-03-07,07:45:00,16
2402,2019-03-07,08:00:00,28
2403,2019-03-07,08:15:00,22
2404,2019-03-07,08:30:00,22
2405,2019-03-07,08:45:00,24
2406,2019-03-07,09:00:00,21
2407,2019-03-07,09:15:00,44
2408,2019-03-07,09:30:00,64
2409,2019-03-07,09:45:00,56
2410,2019-03-07,10:00:00,57
2411,2019-03-07,10:15:00,83
2412,2019-03-07,10:30:00,60
2413,2019-03-07,10:45:00,48
2414,2019-03-07,11:00:00,37
2415,2019-03-07,11:15:00,98
2416,2019-03-07,11:30:00,87
2417,2019-03-07,11:45:00,73
2418,2019-03-07,12:00:00,70
2419,2019-03-07,12:15:00,70
2420,2019-03-07,12:30:00,100
2421,2019-03-07,12:45:00,75
2422,2019-03-07,13:00:00,61
2423,2019-03-07,13:15:00,69
2424,2019-03-07,13:30:00,73
2425,2019-03-07,13:45:00,54
2426,2019-03-07,14:00:00,60
2427,2019-03-07,14:15:00,69
2428,2019-03-07,14:30:00,70
2429,2019-03-07,14:45:00,46
2430,2019-03-07,15:00:00,54
2431,2019-03-07,15:15:00,59
2432,2019-03-07,15:30:00,55
2433,2019-03-07,15:45:00,49
2434,2019-03-07,16:00:00,59
2435,2019-03-07,16:15:00,45
2436,2019-03-07,16:30:00,40
2437,2019-03-07,16:45:00,46
2438,2019-03-07,17:00:00,44
2439,2019-03-07,17:15:00,42
2440,2019-03-07,17:30:00,30
2441,2019-03-07,17:45:00,20
2442,2019-03-07,18:00:00,23
2443,2019-03-07,18:15:00,18
2444,2019-03-07,18:30:00,15
2445,2019-03-07,18:45:00,12
2446,2019-03-07,19:00:00,8
2447,2019-03-07,19:15:00,14
2448,2019-03-07,19:30:00,8
2449,2019-03-07,19:45:00,4
2450,2019-03-07,20:00:00,12
2451,2019-03-07,20:15:00,7
2452,2019-03-07,20:30:00,5
2453,2019-03-07,20:45:00,6
2454,2019-03-08,06:30:00,1
2455,2019-03-08,07:00:00,8
2456,2019-03-08,07:15:00,14
2457,2019-03-08,07:30:00,16
2458,2019-03-08,07:45:00,14
2459,2019-03-08,08:00:00,29
2460,2019-03-08,08:15:00,31
2461,2019-03-08,08:30:00,17
2462,2019-03-08,08:45:00,18
2463,2019-03-08,09:00:00,26
2464,2019-03-08,09:15:00,51
2465,2019-03-08,09:30:00,61
2466,2019-03-08,09:45:00,33
2467,2019-03-08,10:00:00,48
2468,2019-03-08,10:15:00,94
2469,2019-03-08,10:30:00,75
2470,2019-03-08,10:45:00,52
2471,2019-03-08,11:00:00,47
2472,2019-03-08,11:15:00,77
2473,2019-03-08,11:30:00,65
2474,2019-03-08,11:45:00,63
2475,2019-03-08,12:00:00,67
2476,2019-03-08,12:15:00,99
2477,2019-03-08,12:30:00,80
2478,2019-03-08,12:45:00,70
2479,2019-03-08,13:00:00,52
2480,2019-03-08,13:15:00,69
2481,2019-03-08,13:30:00,63
2482,2019-03-08,13:45:00,36
2483,2019-03-08,14:00:00,50
2484,2019-03-08,14:15:00,57
2485,2019-03-08,14:30:00,43
2486,2019-03-08,14:45:00,46
2487,2019-03-08,15:00:00,47
2488,2019-03-08,15:15:00,56
2489,2019-03-08,15:30:00,30
2490,2019-03-08,15:45:00,24
2491,2019-03-08,16:00:00,17
2492,2019-03-08,16:15:00,24
2493,2019-03-08,16:30:00,36
2494,2019-03-08,16:45:00,20
2495,2019-03-08,17:00:00,27
2496,2019-03-08,17:15:00,13
2497,2019-03-08,17:30:00,14
2498,2019-03-08,17:45:00,18
2499,2019-03-08,18:00:00,19
2500,2019-03-08,18:15:00,10
2501,2019-03-08,18:30:00,11
2502,2019-03-08,18:45:00,16
2503,2019-03-08,19:00:00,8
2504,2019-03-08,19:15:00,7
2505,2019-03-08,19:30:00,6
2506,2019-03-08,19:45:00,1
2507,2019-03-08,20:00:00,4
2508,2019-03-08,20:15:00,4
2509,2019-03-08,20:30:00,3
2510,2019-03-08,20:45:00,2
2511,2019-03-09,07:45:00,2
2512,2019-03-09,08:00:00,4
2513,2019-03-09,08:15:00,3
2514,2019-03-09,08:30:00,5
2515,2019-03-09,08:45:00,5
2516,2019-03-09,09:00:00,6
2517,2019-03-09,09:15:00,1
2518,2019-03-09,09:30:00,7
2519,2019-03-09,09:45:00,4
2520,2019-03-09,10:00:00,1
2521,2019-03-09,10:15:00,5
2522,2019-03-09,10:30:00,9
2523,2019-03-09,10:45:00,7
2524,2019-03-09,11:00:00,12
2525,2019-03-09,11:15:00,4
2526,2019-03-09,11:30:00,10
2527,2019-03-09,11:45:00,9
2528,2019-03-09,12:00:00,31
2529,2019-03-09,12:15:00,14
2530,2019-03-09,12:30:00,29
2531,2019-03-09,12:45:00,15
2532,2019-03-09,13:00:00,19
2533,2019-03-09,13:15:00,10
2534,2019-03-09,13:30:00,20
2535,2019-03-09,13:45:00,10
2536,2019-03-09,14:00:00,20
2537,2019-03-09,14:15:00,10
2538,2019-03-09,14:30:00,14
2539,2019-03-09,14:45:00,7
2540,2019-03-09,15:00:00,5
2541,2019-03-09,15:15:00,14
2542,2019-03-09,15:30:00,13
2543,2019-03-09,15:45:00,11
2544,2019-03-09,16:00:00,10
2545,2019-03-09,16:15:00,10
2546,2019-03-09,16:30:00,6
2547,2019-03-09,16:45:00,6
2548,2019-03-09,17:00:00,6
2549,2019-03-09,17:15:00,3
2550,2019-03-09,17:30:00,5
2551,2019-03-09,17:45:00,5
2552,2019-03-09,18:00:00,3
2553,2019-03-09,18:15:00,5
2554,2019-03-09,18:30:00,7
2555,2019-03-09,18:45:00,4
2556,2019-03-09,19:00:00,6
2557,2019-03-09,19:30:00,6
2558,2019-03-09,19:45:00,1
2559,2019-03-09,20:00:00,2
2560,2019-03-09,20:15:00,1
2561,2019-03-09,20:45:00,1
2562,2019-03-11,06:30:00,1
2563,2019-03-11,06:45:00,1
2564,2019-03-11,07:00:00,7
2565,2019-03-11,07:15:00,11
2566,2019-03-11,07:30:00,7
2567,2019-03-11,07:45:00,26
2568,2019-03-11,08:00:00,24
2569,2019-03-11,08:15:00,19
2570,2019-03-11,08:30:00,19
2571,2019-03-11,08:45:00,25
2572,2019-03-11,09:00:00,34
2573,2019-03-11,09:15:00,61
2574,2019-03-11,09:30:00,49
2575,2019-03-11,09:45:00,45
2576,2019-03-11,10:00:00,65
2577,2019-03-11,10:15:00,55
2578,2019-03-11,10:30:00,89
2579,2019-03-11,10:45:00,39
2580,2019-03-11,11:00:00,54
2581,2019-03-11,11:15:00,82
2582,2019-03-11,11:30:00,74
2583,2019-03-11,11:45:00,60
2584,2019-03-11,12:00:00,75
2585,2019-03-11,12:15:00,94
2586,2019-03-11,12:30:00,87
2587,2019-03-11,12:45:00,66
2588,2019-03-11,13:00:00,76
2589,2019-03-11,13:15:00,74
2590,2019-03-11,13:30:00,83
2591,2019-03-11,13:45:00,46
2592,2019-03-11,14:00:00,69
2593,2019-03-11,14:15:00,72
2594,2019-03-11,14:30:00,78
2595,2019-03-11,14:45:00,53
2596,2019-03-11,15:00:00,49
2597,2019-03-11,15:15:00,84
2598,2019-03-11,15:30:00,56
2599,2019-03-11,15:45:00,37
2600,2019-03-11,16:00:00,36
2601,2019-03-11,16:15:00,53
2602,2019-03-11,16:30:00,47
2603,2019-03-11,16:45:00,31
2604,2019-03-11,17:00:00,35
2605,2019-03-11,17:15:00,33
2606,2019-03-11,17:30:00,38
2607,2019-03-11,17:45:00,15
2608,2019-03-11,18:00:00,22
2609,2019-03-11,18:15:00,12
2610,2019-03-11,18:30:00,13
2611,2019-03-11,18:45:00,15
2612,2019-03-11,19:00:00,14
2613,2019-03-11,19:15:00,9
2614,2019-03-11,19:30:00,7
2615,2019-03-11,19:45:00,7
2616,2019-03-11,20:00:00,4
2617,2019-03-11,20:15:00,3
2618,2019-03-11,20:30:00,4
2619,2019-03-11,20:45:00,2
2620,2019-03-12,06:30:00,2
2621,2019-03-12,06:45:00,1
2622,2019-03-12,07:00:00,7
2623,2019-03-12,07:15:00,6
2624,2019-03-12,07:30:00,10
2625,2019-03-12,07:45:00,15
2626,2019-03-12,08:00:00,24
2627,2019-03-12,08:15:00,28
2628,2019-03-12,08:30:00,18
2629,2019-03-12,08:45:00,24
2630,2019-03-12,09:00:00,25
2631,2019-03-12,09:15:00,39
2632,2019-03-12,09:30:00,55
2633,2019-03-12,09:45:00,44
2634,2019-03-12,10:00:00,61
2635,2019-03-12,10:15:00,70
2636,2019-03-12,10:30:00,71
2637,2019-03-12,10:45:00,37
2638,2019-03-12,11:00:00,48
2639,2019-03-12,11:15:00,76
2640,2019-03-12,11:30:00,79
2641,2019-03-12,11:45:00,57
2642,2019-03-12,12:00:00,60
2643,2019-03-12,12:15:00,82
2644,2019-03-12,12:30:00,65
2645,2019-03-12,12:45:00,66
2646,2019-03-12,13:00:00,89
2647,2019-03-12,13:15:00,70
2648,2019-03-12,13:30:00,69
2649,2019-03-12,13:45:00,60
2650,2019-03-12,14:00:00,66
2651,2019-03-12,14:15:00,76
2652,2019-03-12,14:30:00,75
2653,2019-03-12,14:45:00,51
2654,2019-03-12,15:00:00,67
2655,2019-03-12,15:15:00,61
2656,2019-03-12,15:30:00,72
2657,2019-03-12,15:45:00,60
2658,2019-03-12,16:00:00,49
2659,2019-03-12,16:15:00,56
2660,2019-03-12,16:30:00,56
2661,2019-03-12,16:45:00,40
2662,2019-03-12,17:00:00,31
2663,2019-03-12,17:15:00,31
2664,2019-03-12,17:30:00,42
2665,2019-03-12,17:45:00,29
2666,2019-03-12,18:00:00,23
2667,2019-03-12,18:15:00,18
2668,2019-03-12,18:30:00,15
2669,2019-03-12,18:45:00,12
2670,2019-03-12,19:00:00,11
2671,2019-03-12,19:15:00,18
2672,2019-03-12,19:30:00,23
2673,2019-03-12,19:45:00,17
2674,2019-03-12,20:00:00,7
2675,2019-03-12,20:15:00,5
2676,2019-03-12,20:30:00,6
2677,2019-03-13,06:45:00,2
2678,2019-03-13,07:00:00,6
2679,2019-03-13,07:15:00,8
2680,2019-03-13,07:30:00,16
2681,2019-03-13,07:45:00,35
2682,2019-03-13,08:00:00,40
2683,2019-03-13,08:15:00,24
2684,2019-03-13,08:30:00,16
2685,2019-03-13,08:45:00,23
2686,2019-03-13,09:00:00,28
2687,2019-03-13,09:15:00,56
2688,2019-03-13,09:30:00,47
2689,2019-03-13,09:45:00,39
2690,2019-03-13,10:00:00,51
2691,2019-03-13,10:15:00,64
2692,2019-03-13,10:30:00,87
2693,2019-03-13,10:45:00,62
2694,2019-03-13,11:00:00,60
2695,2019-03-13,11:15:00,92
2696,2019-03-13,11:30:00,76
2697,2019-03-13,11:45:00,53
2698,2019-03-13,12:00:00,70
2699,2019-03-13,12:15:00,79
2700,2019-03-13,12:30:00,109
2701,2019-03-13,12:45:00,66
2702,2019-03-13,13:00:00,94
2703,2019-03-13,13:15:00,81
2704,2019-03-13,13:30:00,73
2705,2019-03-13,13:45:00,71
2706,2019-03-13,14:00:00,58
2707,2019-03-13,14:15:00,86
2708,2019-03-13,14:30:00,62
2709,2019-03-13,14:45:00,54
2710,2019-03-13,15:00:00,67
2711,2019-03-13,15:15:00,72
2712,2019-03-13,15:30:00,71
2713,2019-03-13,15:45:00,32
2714,2019-03-13,16:00:00,51
2715,2019-03-13,16:15:00,48
2716,2019-03-13,16:30:00,51
2717,2019-03-13,16:45:00,30
2718,2019-03-13,17:00:00,45
2719,2019-03-13,17:15:00,40
2720,2019-03-13,17:30:00,39
2721,2019-03-13,17:45:00,21
2722,2019-03-13,18:00:00,19
2723,2019-03-13,18:15:00,28
2724,2019-03-13,18:30:00,20
2725,2019-03-13,18:45:00,31
2726,2019-03-13,19:00:00,15
2727,2019-03-13,19:15:00,12
2728,2019-03-13,19:30:00,13
2729,2019-03-13,19:45:00,6
2730,2019-03-13,20:00:00,5
2731,2019-03-13,20:15:00,10
2732,2019-03-13,20:30:00,3
2733,2019-03-13,20:45:00,3
2734,2019-03-13,21:00:00,1
2735,2019-03-14,06:45:00,3
2736,2019-03-14,07:00:00,4
2737,2019-03-14,07:15:00,9
2738,2019-03-14,07:30:00,6
2739,2019-03-14,07:45:00,22
2740,2019-03-14,08:00:00,27
2741,2019-03-14,08:15:00,39
2742,2019-03-14,08:30:00,24
2743,2019-03-14,08:45:00,20
2744,2019-03-14,09:00:00,37
2745,2019-03-14,09:15:00,63
2746,2019-03-14,09:30:00,49
2747,2019-03-14,09:45:00,49
2748,2019-03-14,10:00:00,77
2749,2019-03-14,10:15:00,88
2750,2019-03-14,10:30:00,65
2751,2019-03-14,10:45:00,49
2752,2019-03-14,11:00:00,46
2753,2019-03-14,11:15:00,78
2754,2019-03-14,11:30:00,76
2755,2019-03-14,11:45:00,66
2756,2019-03-14,12:00:00,75
2757,2019-03-14,12:15:00,103
2758,2019-03-14,12:30:00,97
2759,2019-03-14,12:45:00,75
2760,2019-03-14,13:00:00,67
2761,2019-03-14,13:15:00,66
2762,2019-03-14,13:30:00,73
2763,2019-03-14,13:45:00,67
2764,2019-03-14,14:00:00,81
2765,2019-03-14,14:15:00,53
2766,2019-03-14,14:30:00,66
2767,2019-03-14,14:45:00,70
2768,2019-03-14,15:00:00,68
2769,2019-03-14,15:15:00,52
2770,2019-03-14,15:30:00,53
2771,2019-03-14,15:45:00,41
2772,2019-03-14,16:00:00,49
2773,2019-03-14,16:15:00,53
2774,2019-03-14,16:30:00,62
2775,2019-03-14,16:45:00,33
2776,2019-03-14,17:00:00,42
2777,2019-03-14,17:15:00,36
2778,2019-03-14,17:30:00,26
2779,2019-03-14,17:45:00,33
2780,2019-03-14,18:00:00,23
2781,2019-03-14,18:15:00,20
2782,2019-03-14,18:30:00,18
2783,2019-03-14,18:45:00,1
2784,2019-03-15,06:45:00,4
2785,2019-03-15,07:00:00,3
2786,2019-03-15,07:15:00,7
2787,2019-03-15,07:30:00,19
2788,2019-03-15,07:45:00,18
2789,2019-03-15,08:00:00,25
2790,2019-03-15,08:15:00,25
2791,2019-03-15,08:30:00,23
2792,2019-03-15,08:45:00,30
2793,2019-03-15,09:00:00,33
2794,2019-03-15,09:15:00,55
2795,2019-03-15,09:30:00,58
2796,2019-03-15,09:45:00,46
2797,2019-03-15,10:00:00,43
2798,2019-03-15,10:15:00,91
2799,2019-03-15,10:30:00,73
2800,2019-03-15,10:45:00,43
2801,2019-03-15,11:00:00,69
2802,2019-03-15,11:15:00,77
2803,2019-03-15,11:30:00,75
2804,2019-03-15,11:45:00,43
2805,2019-03-15,12:00:00,65
2806,2019-03-15,12:15:00,92
2807,2019-03-15,12:30:00,76
2808,2019-03-15,12:45:00,49
2809,2019-03-15,13:00:00,63
2810,2019-03-15,13:15:00,62
2811,2019-03-15,13:30:00,78
2812,2019-03-15,13:45:00,51
2813,2019-03-15,14:00:00,72
2814,2019-03-15,14:15:00,62
2815,2019-03-15,14:30:00,53
2816,2019-03-15,14:45:00,48
2817,2019-03-15,15:00:00,29
2818,2019-03-15,15:15:00,38
2819,2019-03-15,15:30:00,51
2820,2019-03-15,15:45:00,37
2821,2019-03-15,16:00:00,25
2822,2019-03-15,16:15:00,32
2823,2019-03-15,16:30:00,33
2824,2019-03-15,16:45:00,23
2825,2019-03-15,17:00:00,32
2826,2019-03-15,17:15:00,29
2827,2019-03-15,17:30:00,19
2828,2019-03-15,17:45:00,16
2829,2019-03-15,18:00:00,17
2830,2019-03-15,18:15:00,16
2831,2019-03-15,18:30:00,12
2832,2019-03-15,18:45:00,17
2833,2019-03-15,19:00:00,9
2834,2019-03-15,19:15:00,3
2835,2019-03-15,19:30:00,3
2836,2019-03-15,19:45:00,7
2837,2019-03-15,20:00:00,5
2838,2019-03-15,20:15:00,1
2839,2019-03-15,20:30:00,2
2840,2019-03-16,08:00:00,7
2841,2019-03-16,08:15:00,6
2842,2019-03-16,08:30:00,3
2843,2019-03-16,08:45:00,4
2844,2019-03-16,09:00:00,5
2845,2019-03-16,09:15:00,9
2846,2019-03-16,09:30:00,7
2847,2019-03-16,09:45:00,11
2848,2019-03-16,10:00:00,6
2849,2019-03-16,10:15:00,8
2850,2019-03-16,10:30:00,9
2851,2019-03-16,10:45:00,8
2852,2019-03-16,11:00:00,10
2853,2019-03-16,11:15:00,6
2854,2019-03-16,11:30:00,8
2855,2019-03-16,11:45:00,14
2856,2019-03-16,12:00:00,13
2857,2019-03-16,12:15:00,24
2858,2019-03-16,12:30:00,29
2859,2019-03-16,12:45:00,27
2860,2019-03-16,13:00:00,16
2861,2019-03-16,13:15:00,21
2862,2019-03-16,13:30:00,14
2863,2019-03-16,13:45:00,7
2864,2019-03-16,14:00:00,12
2865,2019-03-16,14:15:00,15
2866,2019-03-16,14:30:00,15
2867,2019-03-16,14:45:00,14
2868,2019-03-16,15:00:00,14
2869,2019-03-16,15:15:00,12
2870,2019-03-16,15:30:00,9
2871,2019-03-16,15:45:00,17
2872,2019-03-16,16:00:00,15
2873,2019-03-16,16:15:00,25
2874,2019-03-16,16:30:00,18
2875,2019-03-16,16:45:00,19
2876,2019-03-16,17:00:00,12
2877,2019-03-16,17:15:00,10
2878,2019-03-16,17:30:00,5
2879,2019-03-16,17:45:00,10
2880,2019-03-16,18:00:00,5
2881,2019-03-16,18:15:00,8
2882,2019-03-16,18:30:00,5
2883,2019-03-16,18:45:00,3
2884,2019-03-16,19:00:00,1
2885,2019-03-16,19:15:00,14
2886,2019-03-16,19:30:00,8
2887,2019-03-16,19:45:00,7
2888,2019-03-16,20:00:00,3
2889,2019-03-16,20:15:00,3
2890,2019-03-16,20:30:00,3
2891,2019-03-16,20:45:00,7
2892,2019-03-18,06:45:00,1
2893,2019-03-18,07:00:00,7
2894,2019-03-18,07:15:00,12
2895,2019-03-18,07:30:00,33
2896,2019-03-18,07:45:00,35
2897,2019-03-18,08:00:00,52
2898,2019-03-18,08:15:00,31
2899,2019-03-18,08:30:00,13
2900,2019-03-18,08:45:00,15
2901,2019-03-18,09:00:00,20
2902,2019-03-18,09:15:00,32
2903,2019-03-18,09:30:00,39
2904,2019-03-18,09:45:00,59
2905,2019-03-18,10:00:00,42
2906,2019-03-18,10:15:00,44
2907,2019-03-18,10:30:00,53
2908,2019-03-18,10:45:00,42
2909,2019-03-18,11:00:00,30
2910,2019-03-18,11:15:00,41
2911,2019-03-18,11:30:00,52
2912,2019-03-18,11:45:00,53
2913,2019-03-18,12:00:00,50
2914,2019-03-18,12:15:00,56
2915,2019-03-18,12:30:00,74
2916,2019-03-18,12:45:00,64
2917,2019-03-18,13:00:00,56
2918,2019-03-18,13:15:00,65
2919,2019-03-18,13:30:00,53
2920,2019-03-18,13:45:00,69
2921,2019-03-18,14:00:00,62
2922,2019-03-18,14:15:00,47
2923,2019-03-18,14:30:00,26
2924,2019-03-18,14:45:00,35
2925,2019-03-18,15:00:00,34
2926,2019-03-18,15:15:00,42
2927,2019-03-18,15:30:00,63
2928,2019-03-18,15:45:00,23
2929,2019-03-18,16:00:00,39
2930,2019-03-18,16:15:00,48
2931,2019-03-18,16:30:00,43
2932,2019-03-18,16:45:00,27
2933,2019-03-18,17:00:00,23
2934,2019-03-18,17:15:00,14
2935,2019-03-18,17:30:00,13
2936,2019-03-18,17:45:00,17
2937,2019-03-18,18:00:00,22
2938,2019-03-18,18:15:00,29
2939,2019-03-18,18:30:00,10
2940,2019-03-18,18:45:00,15
2941,2019-03-18,19:00:00,10
2942,2019-03-18,19:15:00,4
2943,2019-03-18,19:30:00,10
2944,2019-03-18,19:45:00,3
2945,2019-03-18,20:00:00,5
2946,2019-03-18,20:15:00,3
2947,2019-03-18,20:30:00,3
2948,2019-03-18,20:45:00,1
2949,2019-03-19,06:30:00,1
2950,2019-03-19,06:45:00,1
2951,2019-03-19,07:00:00,5
2952,2019-03-19,07:15:00,16
2953,2019-03-19,07:30:00,17
2954,2019-03-19,07:45:00,22
2955,2019-03-19,08:00:00,30
2956,2019-03-19,08:15:00,18
2957,2019-03-19,08:30:00,18
2958,2019-03-19,08:45:00,8
2959,2019-03-19,09:00:00,27
2960,2019-03-19,09:15:00,28
2961,2019-03-19,09:30:00,22
2962,2019-03-19,09:45:00,40
2963,2019-03-19,10:00:00,29
2964,2019-03-19,10:15:00,35
2965,2019-03-19,10:30:00,55
2966,2019-03-19,10:45:00,30
2967,2019-03-19,11:00:00,32
2968,2019-03-19,11:15:00,29
2969,2019-03-19,11:30:00,46
2970,2019-03-19,11:45:00,36
2971,2019-03-19,12:00:00,55
2972,2019-03-19,12:15:00,58
2973,2019-03-19,12:30:00,67
2974,2019-03-19,12:45:00,54
2975,2019-03-19,13:00:00,41
2976,2019-03-19,13:15:00,40
2977,2019-03-19,13:30:00,49
2978,2019-03-19,13:45:00,49
2979,2019-03-19,14:00:00,45
2980,2019-03-19,14:15:00,42
2981,2019-03-19,14:30:00,37
2982,2019-03-19,14:45:00,35
2983,2019-03-19,15:00:00,40
2984,2019-03-19,15:15:00,31
2985,2019-03-19,15:30:00,34
2986,2019-03-19,15:45:00,44
2987,2019-03-19,16:00:00,34
2988,2019-03-19,16:15:00,31
2989,2019-03-19,16:30:00,35
2990,2019-03-19,16:45:00,34
2991,2019-03-19,17:00:00,20
2992,2019-03-19,17:15:00,15
2993,2019-03-19,17:30:00,12
2994,2019-03-19,17:45:00,18
2995,2019-03-19,18:00:00,23
2996,2019-03-19,18:15:00,17
2997,2019-03-19,18:30:00,11
2998,2019-03-19,18:45:00,15
2999,2019-03-19,19:00:00,10
3000,2019-03-19,19:15:00,5
3001,2019-03-19,19:30:00,3
3002,2019-03-19,19:45:00,5
3003,2019-03-19,20:00:00,8
3004,2019-03-19,20:15:00,3
3005,2019-03-19,20:30:00,3
3006,2019-03-19,20:45:00,3
3007,2019-03-20,07:00:00,4
3008,2019-03-20,07:15:00,18
3009,2019-03-20,07:30:00,18
3010,2019-03-20,07:45:00,32
3011,2019-03-20,08:00:00,27
3012,2019-03-20,08:15:00,20
3013,2019-03-20,08:30:00,18
3014,2019-03-20,08:45:00,21
3015,2019-03-20,09:00:00,19
3016,2019-03-20,09:15:00,20
3017,2019-03-20,09:30:00,11
3018,2019-03-20,09:45:00,25
3019,2019-03-20,10:00:00,47
3020,2019-03-20,10:15:00,52
3021,2019-03-20,10:30:00,45
3022,2019-03-20,10:45:00,31
3023,2019-03-20,11:00:00,34
3024,2019-03-20,11:15:00,42
3025,2019-03-20,11:30:00,30
3026,2019-03-20,11:45:00,36
3027,2019-03-20,12:00:00,61
3028,2019-03-20,12:15:00,46
3029,2019-03-20,12:30:00,52
3030,2019-03-20,12:45:00,47
3031,2019-03-20,13:00:00,53
3032,2019-03-20,13:15:00,40
3033,2019-03-20,13:30:00,36
3034,2019-03-20,13:45:00,53
3035,2019-03-20,14:00:00,43
3036,2019-03-20,14:15:00,21
3037,2019-03-20,14:30:00,23
3038,2019-03-20,14:45:00,23
3039,2019-03-20,15:00:00,33
3040,2019-03-20,15:15:00,39
3041,2019-03-20,15:30:00,39
3042,2019-03-20,15:45:00,31
3043,2019-03-20,16:00:00,39
3044,2019-03-20,16:15:00,34
3045,2019-03-20,16:30:00,30
3046,2019-03-20,16:45:00,28
3047,2019-03-20,17:00:00,16
3048,2019-03-20,17:15:00,9
3049,2019-03-20,17:30:00,28
3050,2019-03-20,17:45:00,11
3051,2019-03-20,18:00:00,18
3052,2019-03-20,18:15:00,12
3053,2019-03-20,18:30:00,12
3054,2019-03-20,18:45:00,6
3055,2019-03-20,19:00:00,5
3056,2019-03-20,19:15:00,6
3057,2019-03-20,19:30:00,5
3058,2019-03-20,19:45:00,5
3059,2019-03-20,20:00:00,3
3060,2019-03-20,20:15:00,2
3061,2019-03-20,20:45:00,2
3062,2019-03-21,06:30:00,1
3063,2019-03-21,06:45:00,2
3064,2019-03-21,07:00:00,5
3065,2019-03-21,07:15:00,6
3066,2019-03-21,07:30:00,10
3067,2019-03-21,07:45:00,26
3068,2019-03-21,08:00:00,43
3069,2019-03-21,08:15:00,26
3070,2019-03-21,08:30:00,24
3071,2019-03-21,08:45:00,15
3072,2019-03-21,09:00:00,27
3073,2019-03-21,09:15:00,12
3074,2019-03-21,09:30:00,31
3075,2019-03-21,09:45:00,34
3076,2019-03-21,10:00:00,34
3077,2019-03-21,10:15:00,27
3078,2019-03-21,10:30:00,24
3079,2019-03-21,10:45:00,34
3080,2019-03-21,11:00:00,28
3081,2019-03-21,11:15:00,26
3082,2019-03-21,11:30:00,39
3083,2019-03-21,11:45:00,38
3084,2019-03-21,12:00:00,65
3085,2019-03-21,12:15:00,71
3086,2019-03-21,12:30:00,49
3087,2019-03-21,12:45:00,46
3088,2019-03-21,13:00:00,49
3089,2019-03-21,13:15:00,35
3090,2019-03-21,13:30:00,31
3091,2019-03-21,13:45:00,35
3092,2019-03-21,14:00:00,32
3093,2019-03-21,14:15:00,26
3094,2019-03-21,14:30:00,29
3095,2019-03-21,14:45:00,40
3096,2019-03-21,15:00:00,26
3097,2019-03-21,15:15:00,23
3098,2019-03-21,15:30:00,23
3099,2019-03-21,15:45:00,16
3100,2019-03-21,16:00:00,11
3101,2019-03-21,16:15:00,30
3102,2019-03-21,16:30:00,28
3103,2019-03-21,16:45:00,9
3104,2019-03-22,06:45:00,4
3105,2019-03-22,07:00:00,2
3106,2019-03-22,07:15:00,3
3107,2019-03-22,07:30:00,8
3108,2019-03-22,07:45:00,14
3109,2019-03-22,08:00:00,10
3110,2019-03-22,08:15:00,16
3111,2019-03-22,08:30:00,15
3112,2019-03-22,08:45:00,24
3113,2019-03-22,09:00:00,24
3114,2019-03-22,09:15:00,21
3115,2019-03-22,09:30:00,21
3116,2019-03-22,09:45:00,23
3117,2019-03-22,10:00:00,16
3118,2019-03-22,10:15:00,16
3119,2019-03-22,10:30:00,28
3120,2019-03-22,10:45:00,31
3121,2019-03-22,11:00:00,27
3122,2019-03-22,11:15:00,14
3123,2019-03-22,11:30:00,20
3124,2019-03-22,11:45:00,40
3125,2019-03-22,12:00:00,39
3126,2019-03-22,12:15:00,49
3127,2019-03-22,12:30:00,44
3128,2019-03-22,12:45:00,41
3129,2019-03-22,13:00:00,38
3130,2019-03-22,13:15:00,37
3131,2019-03-22,13:30:00,30
3132,2019-03-22,13:45:00,33
3133,2019-03-22,14:00:00,16
3134,2019-03-22,14:15:00,11
3135,2019-03-22,14:30:00,10
3136,2019-03-22,14:45:00,24
3137,2019-03-22,15:00:00,16
3138,2019-03-22,15:15:00,21
3139,2019-03-22,15:30:00,20
3140,2019-03-22,15:45:00,20
3141,2019-03-22,16:00:00,18
3142,2019-03-22,16:15:00,11
3143,2019-03-22,16:30:00,16
3144,2019-03-22,16:45:00,11
3145,2019-03-25,06:30:00,4
3146,2019-03-25,07:00:00,2
3147,2019-03-25,07:15:00,5
3148,2019-03-25,07:30:00,10
3149,2019-03-25,07:45:00,14
3150,2019-03-25,08:00:00,13
3151,2019-03-25,08:15:00,12
3152,2019-03-25,08:30:00,17
3153,2019-03-25,08:45:00,19
3154,2019-03-25,09:00:00,11
3155,2019-03-25,09:15:00,16
3156,2019-03-25,09:30:00,29
3157,2019-03-25,09:45:00,15
3158,2019-03-25,10:00:00,25
3159,2019-03-25,10:15:00,22
3160,2019-03-25,10:30:00,18
3161,2019-03-25,10:45:00,14
3162,2019-03-25,11:00:00,15
3163,2019-03-25,11:15:00,26
3164,2019-03-25,11:30:00,27
3165,2019-03-25,11:45:00,17
3166,2019-03-25,12:00:00,48
3167,2019-03-25,12:15:00,65
3168,2019-03-25,12:30:00,78
3169,2019-03-25,12:45:00,64
3170,2019-03-25,13:00:00,35
3171,2019-03-25,13:15:00,25
3172,2019-03-25,13:30:00,24
3173,2019-03-25,13:45:00,31
3174,2019-03-25,14:00:00,16
3175,2019-03-25,14:15:00,13
3176,2019-03-25,14:30:00,12
3177,2019-03-25,14:45:00,8
3178,2019-03-25,15:00:00,18
3179,2019-03-25,15:15:00,16
3180,2019-03-26,07:00:00,8
3181,2019-03-26,07:15:00,8
3182,2019-03-26,07:30:00,9
3183,2019-03-26,07:45:00,21
3184,2019-03-26,08:00:00,24
3185,2019-03-26,08:15:00,20
3186,2019-03-26,08:30:00,20
3187,2019-03-26,08:45:00,15
3188,2019-03-26,09:00:00,16
3189,2019-03-26,09:15:00,20
3190,2019-03-26,09:30:00,22
3191,2019-03-26,09:45:00,20
3192,2019-03-26,10:00:00,13
3193,2019-03-26,10:15:00,17
3194,2019-03-26,10:30:00,24
3195,2019-03-26,10:45:00,21
3196,2019-03-26,11:00:00,21
3197,2019-03-26,11:15:00,23
3198,2019-03-26,11:30:00,25
3199,2019-03-26,11:45:00,31
3200,2019-03-26,12:00:00,31
3201,2019-03-26,12:15:00,32
3202,2019-03-26,12:30:00,26
3203,2019-03-26,12:45:00,38
3204,2019-03-26,13:00:00,27
3205,2019-03-26,13:15:00,24
3206,2019-03-26,13:30:00,16
3207,2019-03-26,13:45:00,24
3208,2019-03-26,14:00:00,18
3209,2019-03-26,14:15:00,19
3210,2019-03-26,14:30:00,14
3211,2019-03-26,14:45:00,20
3212,2019-03-26,15:00:00,13
3213,2019-03-26,15:15:00,10
3214,2019-03-26,15:30:00,1
3215,2019-03-27,06:30:00,2
3216,2019-03-27,06:45:00,1
3217,2019-03-27,07:00:00,4
3218,2019-03-27,07:15:00,5
3219,2019-03-27,07:30:00,5
3220,2019-03-27,07:45:00,16
3221,2019-03-27,08:00:00,20
3222,2019-03-27,08:15:00,13
3223,2019-03-27,08:30:00,13
3224,2019-03-27,08:45:00,15
3225,2019-03-27,09:00:00,22
3226,2019-03-27,09:15:00,12
3227,2019-03-27,09:30:00,14
3228,2019-03-27,09:45:00,9
3229,2019-03-27,10:00:00,12
3230,2019-03-27,10:15:00,11
3231,2019-03-27,10:30:00,11
3232,2019-03-27,10:45:00,16
3233,2019-03-27,11:00:00,16
3234,2019-03-27,11:15:00,18
3235,2019-03-27,11:30:00,19
3236,2019-03-27,11:45:00,18
3237,2019-03-27,12:00:00,21
3238,2019-03-27,12:15:00,33
3239,2019-03-27,12:30:00,34
3240,2019-03-27,12:45:00,28
3241,2019-03-27,13:00:00,18
3242,2019-03-27,13:15:00,23
3243,2019-03-27,13:30:00,22
3244,2019-03-27,13:45:00,20
3245,2019-03-27,14:00:00,16
3246,2019-03-27,14:15:00,13
3247,2019-03-27,14:30:00,22
3248,2019-03-27,14:45:00,11
3249,2019-03-27,15:00:00,11
3250,2019-03-27,15:15:00,14
3251,2019-03-27,15:30:00,1
3252,2019-03-28,06:45:00,1
3253,2019-03-28,07:00:00,6
3254,2019-03-28,07:15:00,4
3255,2019-03-28,07:30:00,13
3256,2019-03-28,07:45:00,10
3257,2019-03-28,08:00:00,19
3258,2019-03-28,08:15:00,13
3259,2019-03-28,08:30:00,18
3260,2019-03-28,08:45:00,16
3261,2019-03-28,09:00:00,17
3262,2019-03-28,09:15:00,19
3263,2019-03-28,09:30:00,16
3264,2019-03-28,09:45:00,18
3265,2019-03-28,10:00:00,17
3266,2019-03-28,10:15:00,12
3267,2019-03-28,10:30:00,16
3268,2019-03-28,10:45:00,11
3269,2019-03-28,11:00:00,20
3270,2019-03-28,11:15:00,22
3271,2019-03-28,11:30:00,9
3272,2019-03-28,11:45:00,25
3273,2019-03-28,12:00:00,33
3274,2019-03-28,12:15:00,33
3275,2019-03-28,12:30:00,28
3276,2019-03-28,12:45:00,28
3277,2019-03-28,13:00:00,28
3278,2019-03-28,13:15:00,18
3279,2019-03-28,13:30:00,20
3280,2019-03-28,13:45:00,23
3281,2019-03-28,14:00:00,16
3282,2019-03-28,14:15:00,27
3283,2019-03-28,14:30:00,14
3284,2019-03-28,14:45:00,14
3285,2019-03-28,15:00:00,11
3286,2019-03-28,15:15:00,12
3287,2019-03-28,15:30:00,2
3288,2019-03-29,07:00:00,7
3289,2019-03-29,07:15:00,10
3290,2019-03-29,07:30:00,17
3291,2019-03-29,07:45:00,9
3292,2019-03-29,08:00:00,13
3293,2019-03-29,08:15:00,9
3294,2019-03-29,08:30:00,12
3295,2019-03-29,08:45:00,15
3296,2019-03-29,09:00:00,17
3297,2019-03-29,09:15:00,12
3298,2019-03-29,09:30:00,14
3299,2019-03-29,09:45:00,12
3300,2019-03-29,10:00:00,22
3301,2019-03-29,10:15:00,21
3302,2019-03-29,10:30:00,18
3303,2019-03-29,10:45:00,15
3304,2019-03-29,11:00:00,34
3305,2019-03-29,11:15:00,22
3306,2019-03-29,11:30:00,18
3307,2019-03-29,11:45:00,21
3308,2019-03-29,12:00:00,40
3309,2019-03-29,12:15:00,30
3310,2019-03-29,12:30:00,43
3311,2019-03-29,12:45:00,31
3312,2019-03-29,13:00:00,29
3313,2019-03-29,13:15:00,25
3314,2019-03-29,13:30:00,21
3315,2019-03-29,13:45:00,23
3316,2019-03-29,14:00:00,16
3317,2019-03-29,14:15:00,15
3318,2019-03-29,14:30:00,12
3319,2019-03-29,14:45:00,13
3320,2019-03-29,15:00:00,12
3321,2019-03-29,15:15:00,17
3322,2019-03-29,15:30:00,3
3323,2019-03-29,16:30:00,1
